,Smiles,processed_smiles,Class,Status
0,CCCCCCCCCCC,C C C C C C C C C C C,1,Train
1,CCC1CO1,C C C 1 C O 1,1,Train
2,CCOCCOCCOCCO,C C O C C O C C O C C O,1,Train
3,OC=O,O C = O,1,Train
4,CCCCOCCOCCOC(C)=O,C C C C O C C O C C O C ( C ) = O,1,Train
5,CCOCCOCCOC(C)=O,C C O C C O C C O C ( C ) = O,1,Train
6,C[S](O)(=O)=O,C [ S ] ( O ) ( = O ) = O,1,Train
7,CCCCC(CC)COC(=O)CCC,C C C C C ( C C ) C O C ( = O ) C C C,1,Train
8,Cc1cccc(C)c1,C c 1 c c c c ( C ) c 1,1,Train
9,OC(=O)c1ccccc1[N+]([O-])=O,O C ( = O ) c 1 c c c c c 1 [ N+ ] ( [ O- ] ) = O,1,Train
10,O=C1Oc2ccccc2C=C1,O = C 1 O c 2 c c c c c 2 C = C 1,1,Train
11,CCCCC,C C C C C,1,Train
12,CCCC(C)C,C C C C ( C ) C,1,Train
13,CCCCCC,C C C C C C,1,Train
14,CCCCCCCCC,C C C C C C C C C,1,Train
15,CCCCCCCCCCCCCl,C C C C C C C C C C C C Cl,1,Train
16,CCCCCCCCCCCCCCCCBr,C C C C C C C C C C C C C C C C Br,1,Train
17,CCCCCN,C C C C C N,1,Train
18,CN(C)C,C N ( C ) C,1,Train
19,CO,C O,1,Train
20,CCCCCO,C C C C C O,1,Train
21,CC1CO1,C C 1 C O 1,1,Train
22,OCCO,O C C O,1,Train
23,CC(O)CO,C C ( O ) C O,1,Train
24,CCC(O)CO,C C C ( O ) C O,1,Train
25,OCC#C,O C C # C,1,Train
26,COCC(C)O,C O C C ( C ) O,1,Train
27,CCCCOCCO,C C C C O C C O,1,Train
28,CCC=O,C C C = O,1,Train
29,CC(C)=CCC\C(C)=C/C=O,C C ( C ) = C C C \ C ( C ) = C / C = O,1,Train
30,CC(C)C(C)=O,C C ( C ) C ( C ) = O,1,Train
31,CC(C)=O,C C ( C ) = O,1,Train
32,CCC(CC)C(O)=O,C C C ( C C ) C ( O ) = O,1,Train
33,OC(=O)CCCCCCCCCCCCCCCCCCCCC=C,O C ( = O ) C C C C C C C C C C C C C C C C C C C C C = C,1,Train
34,COC(C)=O,C O C ( C ) = O,1,Train
35,CCOC(C)=O,C C O C ( C ) = O,1,Train
36,CC(=O)OC=C,C C ( = O ) O C = C,1,Train
37,COCCOC(C)=O,C O C C O C ( C ) = O,1,Train
38,CCC(=O)OC=C,C C C ( = O ) O C = C,1,Train
39,CCCCCC(=O)OC=C,C C C C C C ( = O ) O C = C,1,Train
40,CC(C)C(O)C(C)(C)COC(=O)C(C)C,C C ( C ) C ( O ) C ( C ) ( C ) C O C ( = O ) C ( C ) C,1,Train
41,COC(=O)CCC(=O)OC,C O C ( = O ) C C C ( = O ) O C,1,Train
42,CCCCOC(=O)CCCCC(=O)OCCCC,C C C C O C ( = O ) C C C C C ( = O ) O C C C C,1,Train
43,CCCCC(CC)COC(=O)CCCCCCCC(=O)OCC(CC)CCCC,C C C C C ( C C ) C O C ( = O ) C C C C C C C C ( = O ) O C C ( C C ) C C C C,1,Train
44,CCCCCCCC\C=C/CCCCCCCC(=O)OC,C C C C C C C C \ C = C / C C C C C C C C ( = O ) O C,1,Train
45,CC(=C)C(O)=O,C C ( = C ) C ( O ) = O,1,Train
46,COC(=O)C(C)=C,C O C ( = O ) C ( C ) = C,1,Train
47,CC(=C)C(=O)OCC1CO1,C C ( = C ) C ( = O ) O C C 1 C O 1,1,Train
48,CC(=C)C(=O)OCCO,C C ( = C ) C ( = O ) O C C O,1,Train
49,CC(=C)C(=O)OCCOCCOC(=O)C(C)=C,C C ( = C ) C ( = O ) O C C O C C O C ( = O ) C ( C ) = C,1,Train
50,CCOC(=O)\C=C\C(=O)OCC,C C O C ( = O ) \ C = C \ C ( = O ) O C C,1,Train
51,OC(=O)C(Cl)Cl,O C ( = O ) C ( Cl ) Cl,1,Train
52,CCCCCCCCCCCC[N+](C)(C)CC([O-])=O,C C C C C C C C C C C C [ N+ ] ( C ) ( C ) C C ( [ O- ] ) = O,1,Train
53,NC(CC(O)=O)C(O)=O,N C ( C C ( O ) = O ) C ( O ) = O,1,Train
54,OC(=O)C=O,O C ( = O ) C = O,1,Train
55,OC(=O)CC#N,O C ( = O ) C C # N,1,Train
56,CCCCCCCCCCCC(=O)NCCC[N+](C)(C)CC([O-])=O,C C C C C C C C C C C C ( = O ) N C C C [ N+ ] ( C ) ( C ) C C ( [ O- ] ) = O,1,Train
57,CC(C)CO,C C ( C ) C O,1,Train
58,COC(C)(C)CCOC(C)=O,C O C ( C ) ( C ) C C O C ( C ) = O,1,Train
59,CCc1cccc(O)c1,C C c 1 c c c c ( O ) c 1,1,Train
60,CCc1ccc(O)cc1,C C c 1 c c c ( O ) c c 1,1,Train
61,Cc1ccc(O)c(C)c1,C c 1 c c c ( O ) c ( C ) c 1,1,Train
62,COc1ccccc1OC,C O c 1 c c c c c 1 O C,1,Train
63,CC(=O)OCc1ccccc1,C C ( = O ) O C c 1 c c c c c 1,1,Train
64,OC/C=C/c1ccccc1,O C / C = C / c 1 c c c c c 1,1,Train
65,Oc1ccc(C=O)cc1,O c 1 c c c ( C = O ) c c 1,1,Train
66,COc1cc(C=O)ccc1O,C O c 1 c c ( C = O ) c c c 1 O,1,Train
67,Cc1ccccc1C(O)=O,C c 1 c c c c c 1 C ( O ) = O,1,Train
68,COC(=O)c1ccccc1C(=O)OC,C O C ( = O ) c 1 c c c c c 1 C ( = O ) O C,1,Train
69,CC(C)COC(=O)c1ccccc1C(=O)OCC(C)C,C C ( C ) C O C ( = O ) c 1 c c c c c 1 C ( = O ) O C C ( C ) C,1,Train
70,COC(=O)c1cccc(c1)C(=O)OC,C O C ( = O ) c 1 c c c c ( c 1 ) C ( = O ) O C,1,Train
71,OC(=O)c1ccc2C(=O)OC(=O)c2c1,O C ( = O ) c 1 c c c 2 C ( = O ) O C ( = O ) c 2 c 1,1,Train
72,O=C(OCc1ccccc1)c2ccccc2,O = C ( O C c 1 c c c c c 1 ) c 2 c c c c c 2,1,Train
73,OC(=O)c1ccc(O)cc1,O C ( = O ) c 1 c c c ( O ) c c 1,1,Train
74,Oc1ccc(cc1)[S](O)(=O)=O,O c 1 c c c ( c c 1 ) [ S ] ( O ) ( = O ) = O,1,Train
75,CC(C)C1=CCC(=CC1)C,C C ( C ) C 1 = C C C ( = C C 1 ) C,1,Train
76,OC1CCCCC1,O C 1 C C C C C 1,1,Train
77,CC1CCCCC1OC(C)=O,C C 1 C C C C C 1 O C ( C ) = O,1,Train
78,O=[P](Oc1ccccc1)(Oc2ccccc2)Oc3ccccc3,O = [ P ] ( O c 1 c c c c c 1 ) ( O c 2 c c c c c 2 ) O c 3 c c c c c 3,1,Train
79,Cc1ccc(C=O)cc1,C c 1 c c c ( C = O ) c c 1,1,Train
80,CC1(C)C2CCC1(C)C(=O)C2,C C 1 ( C ) C 2 C C C 1 ( C ) C ( = O ) C 2,1,Train
81,CC1=CCC2CC1C2(C)C,C C 1 = C C C 2 C C 1 C 2 ( C ) C,1,Train
82,CC1(C)[C@@H]2CC[C@@]1(C)[C@@H](O)C2,C C 1 ( C ) [ C @ @ H ] 2 C C [ C @ @ ] 1 ( C ) [ C @ @ H ] ( O ) C 2,1,Train
83,C=C1CC(=O)O1,C = C 1 C C ( = O ) O 1,1,Train
84,O=C1OCc2ccccc12,O = C 1 O C c 2 c c c c c 1 2,1,Train
85,O=Cc1occc1,O = C c 1 o c c c 1,1,Train
86,OCC1CCCO1,O C C 1 C C C O 1,1,Train
87,O=C1NC(=O)c2ccccc12,O = C 1 N C ( = O ) c 2 c c c c c 1 2,1,Train
88,CN1CCCC1=O,C N 1 C C C C 1 = O,1,Train
89,[nH]1ccc2ccccc12,[ n H ] 1 c c c 2 c c c c c 1 2,1,Train
90,O=[S]1(=O)CCCO1,O = [ S ] 1 ( = O ) C C C O 1,1,Train
91,OCCN1CN(CCO)CN(CCO)C1,O C C N 1 C N ( C C O ) C N ( C C O ) C 1,1,Train
92,CCOC(=O)c1ccc(NC(=O)CCl)cc1,C C O C ( = O ) c 1 c c c ( N C ( = O ) C Cl ) c c 1,1,Train
93,C[N+](C)(C)O[P]([O-])(=O)O[P](O)(=O)OC[C@H]1O[C@H]([C@H](O)[C@@H]1O)N2C=CC(=NC2=O)N,C [ N+ ] ( C ) ( C ) O [ P ] ( [ O- ] ) ( = O ) O [ P ] ( O ) ( = O ) O C [ C @ H ] 1 O [ C @ H ] ( [ C @ H ] ( O ) [ C @ @ H ] 1 O ) N 2 C = C C ( = N C 2 = O ) N,1,Train
94,NC(Cc1ccccc1)C(O)=O,N C ( C c 1 c c c c c 1 ) C ( O ) = O,1,Train
95,N[C@@H](CSSC[C@H](N)C(O)=O)C(O)=O,N [ C @ @ H ] ( C S S C [ C @ H ] ( N ) C ( O ) = O ) C ( O ) = O,1,Train
96,CCCCCCCCCCCCCCCCCCCC,C C C C C C C C C C C C C C C C C C C C,1,Train
97,CC(C)CN,C C ( C ) C N,1,Train
98,CNC,C N C,1,Train
99,CCNCC,C C N C C,1,Train
100,CCO,C C O,1,Train
101,CC(C)O,C C ( C ) O,1,Train
102,CCCCC(CC)CO,C C C C C ( C C ) C O,1,Train
103,CCCCCCCCO,C C C C C C C C O,1,Train
104,CCCCCCCCCCCCCO,C C C C C C C C C C C C C O,1,Train
105,CC(C)O[Ti](OC(C)C)(OC(C)C)OC(C)C,C C ( C ) O [ T i ] ( O C ( C ) C ) ( O C ( C ) C ) O C ( C ) C,1,Train
106,OCCCCO,O C C C C O,1,Train
107,CCCCCCCCC=CCCCCCCCCO,C C C C C C C C C = C C C C C C C C C O,1,Train
108,OCC=C,O C C = C,1,Train
109,NCCO,N C C O,1,Train
110,COC(C)CCO,C O C ( C ) C C O,1,Train
111,CC=O,C C = O,1,Train
112,CC(C)C=O,C C ( C ) C = O,1,Train
113,CC(C)CC(C)=O,C C ( C ) C C ( C ) = O,1,Train
114,CC(=O)CC(C)=O,C C ( = O ) C C ( C ) = O,1,Train
115,CCCCC\C=C/C/C=C\CCCCCCCC(O)=O,C C C C C \ C = C / C / C = C \ C C C C C C C C ( O ) = O,1,Train
116,CCC(=O)OC(=O)CC,C C C ( = O ) O C ( = O ) C C,1,Train
117,CCCCCCCCCCCC(=O)OOC(=O)CCCCCCCCCCC,C C C C C C C C C C C C ( = O ) O O C ( = O ) C C C C C C C C C C C,1,Train
118,CCCCC(CC)C(=O)OCC(COC(=O)C(CC)CCCC)OC(=O)C(CC)CCCC,C C C C C ( C C ) C ( = O ) O C C ( C O C ( = O ) C ( C C ) C C C C ) O C ( = O ) C ( C C ) C C C C,1,Train
119,CCC(C)OC(C)=O,C C C ( C ) O C ( C ) = O,1,Train
120,CCOCCOC(C)=O,C C O C C O C ( C ) = O,1,Train
121,CCOC(=O)CCCCC(O)=O,C C O C ( = O ) C C C C C ( O ) = O,1,Train
122,CCCCCCCC\C=C/CCCCCCCCOC(=O)CCCCC(=O)OCCCCCCCC\C=C/CCCCCCCC,C C C C C C C C \ C = C / C C C C C C C C O C ( = O ) C C C C C ( = O ) O C C C C C C C C \ C = C / C C C C C C C C,1,Train
123,OC(=O)CCCCCCCCC(O)=O,O C ( = O ) C C C C C C C C C ( O ) = O,1,Train
124,OC(=O)CCCCCCCCCCCCC(O)=O,O C ( = O ) C C C C C C C C C C C C C ( O ) = O,1,Train
125,CCCCOCCOCCOC(=O)CCCCC(=O)OCCOCCOCCCC,C C C C O C C O C C O C ( = O ) C C C C C ( = O ) O C C O C C O C C C C,1,Train
126,CCOC(=O)CC(=O)OCC,C C O C ( = O ) C C ( = O ) O C C,1,Train
127,CCCCCCCCCCCCOC(=O)CCSCCC(=O)OCCCCCCCCCCCC,C C C C C C C C C C C C O C ( = O ) C C S C C C ( = O ) O C C C C C C C C C C C C,1,Train
128,CCOC(=O)C(=O)OCC,C C O C ( = O ) C ( = O ) O C C,1,Train
129,CCCCC(CC)COC(=O)C(C)=C,C C C C C ( C C ) C O C ( = O ) C ( C ) = C,1,Train
130,CCCCOC(=O)C(C)=C,C C C C O C ( = O ) C ( C ) = C,1,Train
131,CCCCCCCCCCCCCCCCCCOC(=O)C(C)=C,C C C C C C C C C C C C C C C C C C O C ( = O ) C ( C ) = C,1,Train
132,OC(=O)\C=C/C(O)=O,O C ( = O ) \ C = C / C ( O ) = O,1,Train
133,OCC(O)=O,O C C ( O ) = O,1,Train
134,CCC(C)OC(=O)CC(C)=O,C C C ( C ) O C ( = O ) C C ( C ) = O,1,Train
135,CC(=C)C#N,C C ( = C ) C # N,1,Train
136,CNCC[S](O)(=O)=O,C N C C [ S ] ( O ) ( = O ) = O,1,Train
137,CCOC(Cl)=O,C C O C ( Cl ) = O,1,Train
138,CCCCCCCCCCCCO[P](O)(O)=O,C C C C C C C C C C C C O [ P ] ( O ) ( O ) = O,1,Train
139,CC(C)=CCCC(=C)C=C,C C ( C ) = C C C C ( = C ) C = C,1,Train
140,OCC1CO1,O C C 1 C O 1,1,Train
141,CC\C=C/CCO,C C \ C = C / C C O,1,Train
142,CCCCOCC(C)O,C C C C O C C ( C ) O,1,Train
143,CCC(CC)C(=O)OCCOCCOCCOC(=O)C(CC)CC,C C C ( C C ) C ( = O ) O C C O C C O C C O C ( = O ) C ( C C ) C C,1,Train
144,CC(=O)OC(OC(C)=O)C=C,C C ( = O ) O C ( O C ( C ) = O ) C = C,1,Train
145,NC(=N)[S](O)=O,N C ( = N ) [ S ] ( O ) = O,1,Train
146,CC(C)c1ccc(C)cc1,C C ( C ) c 1 c c c ( C ) c c 1,1,Train
147,NCCc1ccccc1,N C C c 1 c c c c c 1,1,Train
148,Oc1ccccc1,O c 1 c c c c c 1,1,Train
149,Oc1ccccc1O,O c 1 c c c c c 1 O,1,Train
150,COc1ccc(O)cc1,C O c 1 c c c ( O ) c c 1,1,Train
151,COc1ccc(CC=C)cc1OC,C O c 1 c c c ( C C = C ) c c 1 O C,1,Train
152,Oc1c(Cl)cc(Cl)cc1Cl,O c 1 c ( Cl ) c c ( Cl ) c c 1 Cl,1,Train
153,CC(C)c1ccc(C=O)cc1,C C ( C ) c 1 c c c ( C = O ) c c 1,1,Train
154,CCOc1cc(C=O)ccc1O,C C O c 1 c c ( C = O ) c c c 1 O,1,Train
155,O=C1OC(=O)c2cc3C(=O)OC(=O)c3cc12,O = C 1 O C ( = O ) c 2 c c 3 C ( = O ) O C ( = O ) c 3 c c 1 2,1,Train
156,CCOC(=O)c1ccccc1C(=O)OCC,C C O C ( = O ) c 1 c c c c c 1 C ( = O ) O C C,1,Train
157,CCCCOC(=O)c1ccccc1C(=O)OCc2ccccc2,C C C C O C ( = O ) c 1 c c c c c 1 C ( = O ) O C c 2 c c c c c 2,1,Train
158,C=CCOC(=O)c1ccccc1C(=O)OCC=C,C = C C O C ( = O ) c 1 c c c c c 1 C ( = O ) O C C = C,1,Train
159,COC(=O)c1ccc(cc1)C(=O)OC,C O C ( = O ) c 1 c c c ( c c 1 ) C ( = O ) O C,1,Train
160,CC(C)c1ccc(cc1)C(O)=O,C C ( C ) c 1 c c c ( c c 1 ) C ( O ) = O,1,Train
161,O=C1OC(=O)c2ccccc12,O = C 1 O C ( = O ) c 2 c c c c c 1 2,1,Train
162,O=C(OOC(=O)c1ccccc1)c2ccccc2,O = C ( O O C ( = O ) c 1 c c c c c 1 ) c 2 c c c c c 2,1,Train
163,CCCCOC(=O)c1ccc(C(=O)OCCCC)c(c1)C(=O)OCCCC,C C C C O C ( = O ) c 1 c c c ( C ( = O ) O C C C C ) c ( c 1 ) C ( = O ) O C C C C,1,Train
164,OC(=O)c1ccccc1,O C ( = O ) c 1 c c c c c 1,1,Train
165,Nc1ccc(cc1)C(O)=O,N c 1 c c c ( c c 1 ) C ( O ) = O,1,Train
166,CC(C)CCOC(=O)c1ccccc1O,C C ( C ) C C O C ( = O ) c 1 c c c c c 1 O,1,Train
167,OC(=O)c1ccccc1O,O C ( = O ) c 1 c c c c c 1 O,1,Train
168,CC(=O)Oc1ccccc1C(O)=O,C C ( = O ) O c 1 c c c c c 1 C ( O ) = O,1,Train
169,CCOC(=O)CC(=O)c1ccc(OC)cc1,C C O C ( = O ) C C ( = O ) c 1 c c c ( O C ) c c 1,1,Train
170,O[S](=O)(=O)c1ccccc1,O [ S ] ( = O ) ( = O ) c 1 c c c c c 1,1,Train
171,O=C1CCCCC1,O = C 1 C C C C C 1,1,Train
172,OC(=O)c1ccc2ccccc2c1,O C ( = O ) c 1 c c c 2 c c c c c 2 c 1,1,Train
173,O=Cc1ccc2OCOc2c1,O = C c 1 c c c 2 O C O c 2 c 1,1,Train
174,O=C1C=CNC=C1,O = C 1 C = C N C = C 1,1,Train
175,OC(=O)c1ccc2ccccc2n1,O C ( = O ) c 1 c c c 2 c c c c c 2 n 1,1,Train
176,CC1CC(OC(C)O1)OC(C)=O,C C 1 C C ( O C ( C ) O 1 ) O C ( C ) = O,1,Train
177,O=C1CCCCCN1,O = C 1 C C C C C N 1,1,Train
178,OC[C@H](O)[C@@H](O)[C@H](O)[C@H](O)CO,O C [ C @ H ] ( O ) [ C @ @ H ] ( O ) [ C @ H ] ( O ) [ C @ H ] ( O ) C O,1,Train
179,CCCCCCCCCCCCCCCCCC(=O)OCC(O)[C@H]1OC[C@@H](O)[C@@H]1O,C C C C C C C C C C C C C C C C C C ( = O ) O C C ( O ) [ C @ H ] 1 O C [ C @ @ H ] ( O ) [ C @ @ H ] 1 O,1,Train
180,CC(=O)NC1C(O)OC(CO)C(O)C1O,C C ( = O ) N C 1 C ( O ) O C ( C O ) C ( O ) C 1 O,1,Train
181,CNCCCN,C N C C C N,1,Train
182,CCCCCCCCNCCCCCCCC,C C C C C C C C N C C C C C C C C,1,Train
183,CCCCCCCCCCCCCCCCCCCCCCCCCCO,C C C C C C C C C C C C C C C C C C C C C C C C C C O,1,Train
184,CCCCCCC(C)O,C C C C C C C ( C ) O,1,Train
185,CCCCCCCCCCCCCCCCCCC1CO1,C C C C C C C C C C C C C C C C C C C 1 C O 1,1,Train
186,CC(CCO)CCO,C C ( C C O ) C C O,1,Train
187,CC(C)=CC(C)=O,C C ( C ) = C C ( C ) = O,1,Train
188,CC(O)=O,C C ( O ) = O,1,Train
189,CCCCCCCCCCCCCCCCCC(=O)OCCOC(=O)CCCCCCCCCCCCCCCCC,C C C C C C C C C C C C C C C C C C ( = O ) O C C O C ( = O ) C C C C C C C C C C C C C C C C C,1,Train
190,CCCCC(CC)COC(=O)CCCCC(=O)OCC(CC)CCCC,C C C C C ( C C ) C O C ( = O ) C C C C C ( = O ) O C C ( C C ) C C C C,1,Train
191,CCCCCCCCOC(=O)CCCCCCCCC(=O)OCCCCCCCC,C C C C C C C C O C ( = O ) C C C C C C C C C ( = O ) O C C C C C C C C,1,Train
192,OC(=O)CCSCCC(O)=O,O C ( = O ) C C S C C C ( O ) = O,1,Train
193,NC(=O)C=C,N C ( = O ) C = C,1,Train
194,CCN(CC)CCOC(=O)C(C)=C,C C N ( C C ) C C O C ( = O ) C ( C ) = C,1,Train
195,CCCCOCNC(=O)C=C,C C C C O C N C ( = O ) C = C,1,Train
196,OC(=O)/C=C/C(O)=O,O C ( = O ) / C = C / C ( O ) = O,1,Train
197,CC(O)C(O)=O,C C ( O ) C ( O ) = O,1,Train
198,OC(CC(O)=O)C(O)=O,O C ( C C ( O ) = O ) C ( O ) = O,1,Train
199,COC(=O)CC(C)=O,C O C ( = O ) C C ( C ) = O,1,Train
200,C=CCOC(=O)OCCOCCOC(=O)OCC=C,C = C C O C ( = O ) O C C O C C O C ( = O ) O C C = C,1,Train
201,CC(C)C(NC(N)=O)NC(N)=O,C C ( C ) C ( N C ( N ) = O ) N C ( N ) = O,1,Train
202,CC(C)=CCCC(C)=O,C C ( C ) = C C C C ( C ) = O,1,Train
203,ClCc1ccccc1,Cl C c 1 c c c c c 1,1,Train
204,CC(=O)CC(=O)Nc1ccccc1,C C ( = O ) C C ( = O ) N c 1 c c c c c 1,1,Train
205,CC(=O)CC(=O)Nc1ccc(C)cc1,C C ( = O ) C C ( = O ) N c 1 c c c ( C ) c c 1,1,Train
206,CC(=O)NCc1ccccc1,C C ( = O ) N C c 1 c c c c c 1,1,Train
207,CCCCCCCCCCCCCCCc1cccc(O)c1,C C C C C C C C C C C C C C C c 1 c c c c ( O ) c 1,1,Train
208,Oc1ccc(O)cc1,O c 1 c c c ( O ) c c 1,1,Train
209,CC(=O)c1ccc(C)cc1,C C ( = O ) c 1 c c c ( C ) c c 1,1,Train
210,CC(C)CCCCCCOC(=O)c1ccccc1C(=O)OCCCCCCC(C)C,C C ( C ) C C C C C C O C ( = O ) c 1 c c c c c 1 C ( = O ) O C C C C C C C ( C ) C,1,Train
211,OC(=O)c1cccc(c1)C(O)=O,O C ( = O ) c 1 c c c c ( c 1 ) C ( O ) = O,1,Train
212,Oc1cccc(OC(=O)c2ccccc2)c1,O c 1 c c c c ( O C ( = O ) c 2 c c c c c 2 ) c 1,1,Train
213,CC(C)=C1CCC(=CC1)C,C C ( C ) = C 1 C C C ( = C C 1 ) C,1,Train
214,C1CCC(CC1)NC2CCCCC2,C 1 C C C ( C C 1 ) N C 2 C C C C C 2,1,Train
215,C(OP(OCc1ccccc1)OCc2ccccc2)c3ccccc3,C ( O P ( O C c 1 c c c c c 1 ) O C c 2 c c c c c 2 ) c 3 c c c c c 3,1,Train
216,COc1cccc(C=O)c1,C O c 1 c c c c ( C = O ) c 1,1,Train
217,Brc1ccc(cc1)c2ccccc2,Br c 1 c c c ( c c 1 ) c 2 c c c c c 2,1,Train
218,O=C1CCO1,O = C 1 C C O 1,1,Train
219,OCc1occc1,O C c 1 o c c c 1,1,Train
220,O=C1CCCO1,O = C 1 C C C O 1,1,Train
221,CC(=O)C1CCOC1=O,C C ( = O ) C 1 C C O C 1 = O,1,Train
222,CC1COC(=O)O1,C C 1 C O C ( = O ) O 1,1,Train
223,OC(=O)c1cccc(n1)C(O)=O,O C ( = O ) c 1 c c c c ( n 1 ) C ( O ) = O,1,Train
224,NCC(O)=O,N C C ( O ) = O,1,Train
225,O=C1CNC(=O)N1,O = C 1 C N C ( = O ) N 1,1,Train
226,Cc1ncc(CO)c(C=O)c1O,C c 1 n c c ( C O ) c ( C = O ) c 1 O,1,Train
227,N[C@@H](CCC(N)=O)C(O)=O,N [ C @ @ H ] ( C C C ( N ) = O ) C ( O ) = O,1,Train
228,ClCC=C,Cl C C = C,1,Train
229,OCC(O)CO,O C C ( O ) C O,1,Train
230,OCC(O)CCl,O C C ( O ) C Cl,1,Train
231,CN(C)CCO,C N ( C ) C C O,1,Train
232,OCCNCO,O C C N C O,1,Train
233,O=CC=O,O = C C = O,1,Train
234,CC(C)CCCCCCCCCCCCCCC(O)=O,C C ( C ) C C C C C C C C C C C C C C C ( O ) = O,1,Train
235,CCCCCCCC\C=C/CCCCCCCC(=O)OCC(O)CO,C C C C C C C C \ C = C / C C C C C C C C ( = O ) O C C ( O ) C O,1,Train
236,CC(N)=O,C C ( N ) = O,1,Train
237,COC(C)CCOC(C)=O,C O C ( C ) C C O C ( C ) = O,1,Train
238,CCCCCCCC/C=C/CCCCCCCC(=O)OCCCC,C C C C C C C C / C = C / C C C C C C C C ( = O ) O C C C C,1,Train
239,OC(=O)C=C,O C ( = O ) C = C,1,Train
240,CCCCOC(=O)C=C,C C C C O C ( = O ) C = C,1,Train
241,CC(=C)C(=O)OCC=C,C C ( = C ) C ( = O ) O C C = C,1,Train
242,N[C@@H](CCCN=C(N)N)C(O)=O,N [ C @ @ H ] ( C C C N = C ( N ) N ) C ( O ) = O,1,Train
243,CCCCCC1OC1CC2OC2CCCCCCCC(=O)OCC(COC(=O)CCCCCCCC3OC3CC4OC4CCCCC)OC(=O)CCCCCCCC5OC5CC6OC6CCCCC,C C C C C C 1 O C 1 C C 2 O C 2 C C C C C C C C ( = O ) O C C ( C O C ( = O ) C C C C C C C C 3 O C 3 C C 4 O C 4 C C C C C ) O C ( = O ) C C C C C C C C 5 O C 5 C C 6 O C 6 C C C C C,1,Train
244,CCCCCCCCC#N,C C C C C C C C C # N,1,Train
245,CC#N,C C # N,1,Train
246,CCOC(=O)CC#N,C C O C ( = O ) C C # N,1,Train
247,CCCCCCCCCCCCCCCCCCOP(OCCCCCCCCCCCCCCCCCC)OCCCCCCCCCCCCCCCCCC,C C C C C C C C C C C C C C C C C C O P ( O C C C C C C C C C C C C C C C C C C ) O C C C C C C C C C C C C C C C C C C,1,Train
248,CC(=O)Nc1ccccc1,C C ( = O ) N c 1 c c c c c 1,1,Train
249,NCc1ccccc1,N C c 1 c c c c c 1,1,Train
250,Oc1cccc(O)c1,O c 1 c c c c ( O ) c 1,1,Train
251,CCOc1ccccc1,C C O c 1 c c c c c 1,1,Train
252,COc1ccc(N)cc1,C O c 1 c c c ( N ) c c 1,1,Train
253,O=Cc1ccccc1,O = C c 1 c c c c c 1,1,Train
254,CC(=O)c1ccccc1,C C ( = O ) c 1 c c c c c 1,1,Train
255,CCCCOC(=O)c1ccccc1C(=O)OCCCC,C C C C O C ( = O ) c 1 c c c c c 1 C ( = O ) O C C C C,1,Train
256,CCCCC(CC)COC(=O)c1ccccc1C(=O)OCC(CC)CCCC,C C C C C ( C C ) C O C ( = O ) c 1 c c c c c 1 C ( = O ) O C C ( C C ) C C C C,1,Train
257,OC(=O)c1ccc(cc1)[N+]([O-])=O,O C ( = O ) c 1 c c c ( c c 1 ) [ N+ ] ( [ O- ] ) = O,1,Train
258,OC(=O)c1cc(O)c(O)c(O)c1,O C ( = O ) c 1 c c ( O ) c ( O ) c ( O ) c 1,1,Train
259,N#Cc1ccccc1,N # C c 1 c c c c c 1,1,Train
260,NC1CCCCC1,N C 1 C C C C C 1,1,Train
261,CC(C)(O)CCCC1=CCC(CC1)C=O,C C ( C ) ( O ) C C C C 1 = C C C ( C C 1 ) C = O,1,Train
262,Oc1ccccc1CC=C,O c 1 c c c c c 1 C C = C,1,Train
263,c1ccc(cc1)c2ccccc2,c 1 c c c ( c c 1 ) c 2 c c c c c 2,1,Train
264,O=C1OCCO1,O = C 1 O C C O 1,1,Train
265,O=C1NC=CC=C1,O = C 1 N C = C C = C 1,1,Train
266,C1CCNCC1,C 1 C C N C C 1,1,Train
267,O=NN1CN2CN(C1)CN(C2)N=O,O = N N 1 C N 2 C N ( C 1 ) C N ( C 2 ) N = O,1,Train
268,OC[C@@H](O)[C@@H](O)[C@H](O)[C@H](O)CO,O C [ C @ @ H ] ( O ) [ C @ @ H ] ( O ) [ C @ H ] ( O ) [ C @ H ] ( O ) C O,1,Train
269,CCCCCCCCCCCCCCOC(=O)CCCCCCCCCCCCC,C C C C C C C C C C C C C C O C ( = O ) C C C C C C C C C C C C C,1,Train
270,CCCCCCCCCCCCCCC,C C C C C C C C C C C C C C C,1,Train
271,NCCCCCCN,N C C C C C C N,1,Train
272,OCCNCCO,O C C N C C O,1,Train
273,CCCCCCCCCCCCCCCCCCOC(=O)CCSCCC(=O)OCCCCCCCCCCCCCCCCCC,C C C C C C C C C C C C C C C C C C O C ( = O ) C C S C C C ( = O ) O C C C C C C C C C C C C C C C C C C,1,Train
274,CCOC(=O)C=C,C C O C ( = O ) C = C,1,Train
275,CCCCCCCCOC(=O)C=C,C C C C C C C C O C ( = O ) C = C,1,Train
276,O=C1OC(=O)C=C1,O = C 1 O C ( = O ) C = C 1,1,Train
277,CC(C)C#N,C C ( C ) C # N,1,Train
278,c1ccccc1,c 1 c c c c c 1,1,Train
279,COc1ccccc1,C O c 1 c c c c c 1,1,Train
280,COc1ccccc1N,C O c 1 c c c c c 1 N,1,Train
281,O=C1c2ccccc2C(=O)c3ccccc13,O = C 1 c 2 c c c c c 2 C ( = O ) c 3 c c c c c 1 3,1,Train
282,CCCCCCCC/C=C/CCCCCCCC(=O)OCC(O)C1OCC(O)C1O,C C C C C C C C / C = C / C C C C C C C C ( = O ) O C C ( O ) C 1 O C C ( O ) C 1 O,1,Train
283,CCCCCCCCCCCCCCCC(=O)OC[C@@H](O)[C@H]1OC[C@H](O)[C@H]1O,C C C C C C C C C C C C C C C C ( = O ) O C [ C @ @ H ] ( O ) [ C @ H ] 1 O C [ C @ H ] ( O ) [ C @ H ] 1 O,1,Train
284,ClCc1ccc(Cl)c(Cl)c1,Cl C c 1 c c c ( Cl ) c ( Cl ) c 1,0,Train
285,C1CCC(CC1)N=C=NC2CCCCC2,C 1 C C C ( C C 1 ) N = C = N C 2 C C C C C 2,0,Train
286,O=C1OC(=O)C2CC=CCC12,O = C 1 O C ( = O ) C 2 C C = C C C 1 2,0,Train
287,OC(=O)C(F)(F)C(F)(F)C(F)(F)C(F)(F)C(F)(F)C(F)(F)C(F)(F)C(F)(F)C(F)(F)C(F)(F)C(F)(F)F,O C ( = O ) C ( F ) ( F ) C ( F ) ( F ) C ( F ) ( F ) C ( F ) ( F ) C ( F ) ( F ) C ( F ) ( F ) C ( F ) ( F ) C ( F ) ( F ) C ( F ) ( F ) C ( F ) ( F ) C ( F ) ( F ) F,0,Train
288,OC(=O)C(F)(F)C(F)(F)C(F)(F)C(F)(F)C(F)(F)C(F)(F)C(F)(F)C(F)(F)C(F)(F)C(F)(F)C(F)(F)C(F)(F)C(F)(F)F,O C ( = O ) C ( F ) ( F ) C ( F ) ( F ) C ( F ) ( F ) C ( F ) ( F ) C ( F ) ( F ) C ( F ) ( F ) C ( F ) ( F ) C ( F ) ( F ) C ( F ) ( F ) C ( F ) ( F ) C ( F ) ( F ) C ( F ) ( F ) C ( F ) ( F ) F,0,Train
289,Clc1c(Cl)c(Cl)c(Cl)c(Cl)c1Cl,Cl c 1 c ( Cl ) c ( Cl ) c ( Cl ) c ( Cl ) c 1 Cl,0,Train
290,CC(C)(C)c1cc(c(O)c(c1)C(C)(C)C)C(C)(C)C,C C ( C ) ( C ) c 1 c c ( c ( O ) c ( c 1 ) C ( C ) ( C ) C ) C ( C ) ( C ) C,0,Train
291,C\1C\C=C\CC\C=C\CC\C=C1,C \ 1 C \ C = C \ C C \ C = C \ C C \ C = C 1,0,Train
292,CC1CC(C)(C)CC(C1)(OOC(C)(C)C)OOC(C)(C)C,C C 1 C C ( C ) ( C ) C C ( C 1 ) ( O O C ( C ) ( C ) C ) O O C ( C ) ( C ) C,0,Train
293,c1ccc(cc1)[Sn](c2ccccc2)(c3ccccc3)c4ccccc4,c 1 c c c ( c c 1 ) [ S n ] ( c 2 c c c c c 2 ) ( c 3 c c c c c 3 ) c 4 c c c c c 4,0,Train
294,CC(C)(C)c1cc(N=Nc2ccccc2[N+]([O-])=O)c(O)c(c1)C(C)(C)C,C C ( C ) ( C ) c 1 c c ( N = N c 2 c c c c c 2 [ N+ ] ( [ O- ] ) = O ) c ( O ) c ( c 1 ) C ( C ) ( C ) C,0,Train
295,CC(C)(C)c1cc(cc(c1)C(C)(C)C)C(C)(C)C,C C ( C ) ( C ) c 1 c c ( c c ( c 1 ) C ( C ) ( C ) C ) C ( C ) ( C ) C,0,Train
296,Brc1ccc(cc1)c2ccc(Br)cc2,Br c 1 c c c ( c c 1 ) c 2 c c c ( Br ) c c 2,0,Train
297,CC(C)(C)c1cc(Cc2cc(c(O)c(c2)C(C)(C)C)C(C)(C)C)cc(c1O)C(C)(C)C,C C ( C ) ( C ) c 1 c c ( C c 2 c c ( c ( O ) c ( c 2 ) C ( C ) ( C ) C ) C ( C ) ( C ) C ) c c ( c 1 O ) C ( C ) ( C ) C,0,Train
298,OC(c1ccc(Cl)cc1)(c2ccc(Cl)cc2)C(Cl)(Cl)Cl,O C ( c 1 c c c ( Cl ) c c 1 ) ( c 2 c c c ( Cl ) c c 2 ) C ( Cl ) ( Cl ) Cl,0,Train
299,ClC1=C(Cl)C2(Cl)C3C4CC(C5OC45)C3C1(Cl)C2(Cl)Cl,Cl C 1 = C ( Cl ) C 2 ( Cl ) C 3 C 4 C C ( C 5 O C 4 5 ) C 3 C 1 ( Cl ) C 2 ( Cl ) Cl,0,Train
300,ClC1=C(Cl)[C@]2(Cl)[C@@H]3[C@@H]4C[C@@H](C=C4)[C@@H]3[C@@]1(Cl)C2(Cl)Cl,Cl C 1 = C ( Cl ) [ C @ ] 2 ( Cl ) [ C @ @ H ] 3 [ C @ @ H ] 4 C [ C @ @ H ] ( C = C 4 ) [ C @ @ H ] 3 [ C @ @ ] 1 ( Cl ) C 2 ( Cl ) Cl,0,Train
301,ClC1CC2C(C1Cl)C3(Cl)C(=C(Cl)C2(Cl)C3(Cl)Cl)Cl,Cl C 1 C C 2 C ( C 1 Cl ) C 3 ( Cl ) C ( = C ( Cl ) C 2 ( Cl ) C 3 ( Cl ) Cl ) Cl,0,Train
302,CC(C)(C)c1cc(cc(c1O)C(C)(C)C)c2ccccc2,C C ( C ) ( C ) c 1 c c ( c c ( c 1 O ) C ( C ) ( C ) C ) c 2 c c c c c 2,0,Train
303,C1CCC(CC1)N(Sc2sc3ccccc3n2)C4CCCCC4,C 1 C C C ( C C 1 ) N ( S c 2 s c 3 c c c c c 3 n 2 ) C 4 C C C C C 4,0,Train
304,ClC(COCC(Cl)C(Cl)(Cl)Cl)C(Cl)(Cl)Cl,Cl C ( C O C C ( Cl ) C ( Cl ) ( Cl ) Cl ) C ( Cl ) ( Cl ) Cl,0,Train
305,Clc1cccc(Cl)c1Cl,Cl c 1 c c c c ( Cl ) c 1 Cl,0,Train
306,Clc1ccc(Cl)c(Cl)c1Cl,Cl c 1 c c c ( Cl ) c ( Cl ) c 1 Cl,0,Train
307,Clc1cc(Cl)c(Cl)cc1Cl,Cl c 1 c c ( Cl ) c ( Cl ) c c 1 Cl,0,Train
308,Clc1cc(Cl)c(Cl)c(Cl)c1Cl,Cl c 1 c c ( Cl ) c ( Cl ) c ( Cl ) c 1 Cl,0,Train
309,[O-][N+](=O)c1ccc(Oc2c(Cl)cc(Cl)cc2Cl)cc1,[ O- ] [ N+ ] ( = O ) c 1 c c c ( O c 2 c ( Cl ) c c ( Cl ) c c 2 Cl ) c c 1,0,Train
310,Oc1c(cccc1C2CCCCC2)C3CCCCC3,O c 1 c ( c c c c 1 C 2 C C C C C 2 ) C 3 C C C C C 3,0,Train
311,C(c1ccccc1)c2ccccc2,C ( c 1 c c c c c 1 ) c 2 c c c c c 2,0,Train
312,Nc1ccc(Cc2ccc(N)c(Cl)c2Cl)c(Cl)c1Cl,N c 1 c c c ( C c 2 c c c ( N ) c ( Cl ) c 2 Cl ) c ( Cl ) c 1 Cl,0,Train
313,N(c1ccccc1)c2cccc3ccccc23,N ( c 1 c c c c c 1 ) c 2 c c c c 3 c c c c c 2 3,0,Train
314,CN(C)CCN(C)CCN(C)C,C N ( C ) C C N ( C ) C C N ( C ) C,0,Train
315,CN(C)N,C N ( C ) N,0,Train
316,OCC(Br)(CO)[N+]([O-])=O,O C C ( Br ) ( C O ) [ N+ ] ( [ O- ] ) = O,0,Train
317,COC,C O C,0,Train
318,CC(C)OC(C)C,C C ( C ) O C ( C ) C,0,Train
319,COCCOCCOC,C O C C O C C O C,0,Train
320,CSSC,C S S C,0,Train
321,CC1OC(C)OC(C)OC(C)O1,C C 1 O C ( C ) O C ( C ) O C ( C ) O 1,0,Train
322,NC(=O)CI,N C ( = O ) C I,0,Train
323,CC(C)(N=NC(C)(C)C#N)C#N,C C ( C ) ( N = N C ( C ) ( C ) C # N ) C # N,0,Train
324,CN=C=S,C N = C = S,0,Train
325,CNN,C N N,0,Train
326,ClCc1ccc(C=C)cc1,Cl C c 1 c c c ( C = C ) c c 1,0,Train
327,Clc1c(Cl)c(Cl)c2C(=O)OC(=O)c2c1Cl,Cl c 1 c ( Cl ) c ( Cl ) c 2 C ( = O ) O C ( = O ) c 2 c 1 Cl,0,Train
328,ClCc1ccccc1Cl,Cl C c 1 c c c c c 1 Cl,0,Train
329,Cc1cccc(C)c1N,C c 1 c c c c ( C ) c 1 N,0,Train
330,Nc1ccccc1N,N c 1 c c c c c 1 N,0,Train
331,Cc1cccc(N)c1,C c 1 c c c c ( N ) c 1,0,Train
332,Nc1ccc(Cl)cc1,N c 1 c c c ( Cl ) c c 1,0,Train
333,Cc1cccc(c1C)[N+]([O-])=O,C c 1 c c c c ( c 1 C ) [ N+ ] ( [ O- ] ) = O,0,Train
334,[O-][N+](=O)c1ccc(CCl)cc1,[ O- ] [ N+ ] ( = O ) c 1 c c c ( C Cl ) c c 1,0,Train
335,NNc1c(Cl)cc(Cl)cc1Cl,N N c 1 c ( Cl ) c c ( Cl ) c c 1 Cl,0,Train
336,CC(C)(C)c1cccc(O)c1,C C ( C ) ( C ) c 1 c c c c ( O ) c 1,0,Train
337,Cc1ccc(C)c(O)c1,C c 1 c c c ( C ) c ( O ) c 1,0,Train
338,COc1cccc(N)c1,C O c 1 c c c c ( N ) c 1,0,Train
339,Oc1ccc(Cl)cc1[N+]([O-])=O,O c 1 c c c ( Cl ) c c 1 [ N+ ] ( [ O- ] ) = O,0,Train
340,CC(C)(OO)c1ccccc1,C C ( C ) ( O O ) c 1 c c c c c 1,0,Train
341,Clc1ccccc1C#N,Cl c 1 c c c c c 1 C # N,0,Train
342,C\1C\C=C/CC\C=C1,C \ 1 C \ C = C / C C \ C = C 1,0,Train
343,NCC1CCCC(CN)C1,N C C 1 C C C C ( C N ) C 1,0,Train
344,OC1CCC(CC1O)C=C,O C 1 C C C ( C C 1 O ) C = C,0,Train
345,Cl[Si](Cl)(c1ccccc1)c2ccccc2,Cl [ Si ] ( Cl ) ( c 1 c c c c c 1 ) c 2 c c c c c 2,0,Train
346,[O-][N+](=O)c1cccc2c1cccc2[N+]([O-])=O,[ O- ] [ N+ ] ( = O ) c 1 c c c c 2 c 1 c c c c 2 [ N+ ] ( [ O- ] ) = O,0,Train
347,O=C1C=CC(=O)c2ccccc12,O = C 1 C = C C ( = O ) c 2 c c c c c 1 2,0,Train
348,O=C(Nc1ccc(Cc2ccc(NC(=O)N3CC3)cc2)cc1)N4CC4,O = C ( N c 1 c c c ( C c 2 c c c ( N C ( = O ) N 3 C C 3 ) c c 2 ) c c 1 ) N 4 C C 4,0,Train
349,Cc1[nH]ccn1,C c 1 [ n H ] c c n 1,0,Train
350,C=Cc1ccccn1,C = C c 1 c c c c n 1,0,Train
351,NCCC[CH]1OC[C]2(CO1)CO[CH](CCCN)OC2,N C C C [ C H ] 1 O C [ C ] 2 ( C O 1 ) C O [ C H ] ( C C C N ) O C 2,0,Train
352,O=C1C2=C(SC(=C(S2)C#N)C#N)C(=O)c3ccccc13,O = C 1 C 2 = C ( S C ( = C ( S 2 ) C # N ) C # N ) C ( = O ) c 3 c c c c c 1 3,0,Train
353,CCN1CCOCC1,C C N 1 C C O C C 1,0,Train
354,NCCN1CCNCC1,N C C N 1 C C N C C 1,0,Train
355,O=C1NC(=O)C2CC=CCC12,O = C 1 N C ( = O ) C 2 C C = C C C 1 2,0,Train
356,Clc1cccc(Cl)n1,Cl c 1 c c c c ( Cl ) n 1,0,Train
357,CN1SC(=CC1=O)Cl,C N 1 S C ( = C C 1 = O ) Cl,0,Train
358,O=C1NSc2ccccc12,O = C 1 N S c 2 c c c c c 1 2,0,Train
359,ClCCCl,Cl C C Cl,0,Train
360,CC(C)c1ccccc1C,C C ( C ) c 1 c c c c c 1 C,0,Train
361,Nc1ccc(cc1)[S](N)(=O)=O,N c 1 c c c ( c c 1 ) [ S ] ( N ) ( = O ) = O,0,Train
362,Oc1ccc(c(O)c1)C(=O)c2ccccc2,O c 1 c c c ( c ( O ) c 1 ) C ( = O ) c 2 c c c c c 2,0,Train
363,Oc1ccccc1Cc2ccccc2O,O c 1 c c c c c 1 C c 2 c c c c c 2 O,0,Train
364,CC(C)CC(C)(C)C,C C ( C ) C C ( C ) ( C ) C,0,Train
365,ClC(Cl)(Cl)Cl,Cl C ( Cl ) ( Cl ) Cl,0,Train
366,ClC(Cl)(Cl)C(Cl)(Cl)Cl,Cl C ( Cl ) ( Cl ) C ( Cl ) ( Cl ) Cl,0,Train
367,FC(F)(Br)C(F)(F)Br,F C ( F ) ( Br ) C ( F ) ( F ) Br,0,Train
368,CCC(C)NC(C)CC,C C C ( C ) N C ( C ) C C,0,Train
369,NC(=O)N=NC(N)=O,N C ( = O ) N = N C ( N ) = O,0,Train
370,CN(C)C(CSC(N)=O)CSC(N)=O,C N ( C ) C ( C S C ( N ) = O ) C S C ( N ) = O,0,Train
371,CCCCOCCO[P](=O)(OCCOCCCC)OCCOCCCC,C C C C O C C O [ P ] ( = O ) ( O C C O C C C C ) O C C O C C C C,0,Train
372,CCCC[Sn](CCCC)(CCCC)CCCC,C C C C [ S n ] ( C C C C ) ( C C C C ) C C C C,0,Train
373,CC(=C)c1ccccc1,C C ( = C ) c 1 c c c c c 1,0,Train
374,Cc1cccc(C)c1C,C c 1 c c c c ( C ) c 1 C,0,Train
375,CCc1ccccc1C=C,C C c 1 c c c c c 1 C = C,0,Train
376,CCc1ccc(CC)cc1,C C c 1 c c c ( C C ) c c 1,0,Train
377,CCc1cccc(CC)c1,C C c 1 c c c c ( C C ) c 1,0,Train
378,C=Cc1ccccc1C=C,C = C c 1 c c c c c 1 C = C,0,Train
379,BrC(=C)c1ccccc1,Br C ( = C ) c 1 c c c c c 1,0,Train
380,BrC=Cc1ccccc1,Br C = C c 1 c c c c c 1,0,Train
381,Clc1cccc(Cl)c1,Cl c 1 c c c c ( Cl ) c 1,0,Train
382,Clc1ccc(Cl)cc1,Cl c 1 c c c ( Cl ) c c 1,0,Train
383,Clc1ccccc1Cl,Cl c 1 c c c c c 1 Cl,0,Train
384,Brc1ccc(Br)cc1,Br c 1 c c c ( Br ) c c 1,0,Train
385,Cc1ccc(Cl)cc1Cl,C c 1 c c c ( Cl ) c c 1 Cl,0,Train
386,Cc1c(Cl)cccc1Cl,C c 1 c ( Cl ) c c c c 1 Cl,0,Train
387,CNc1cccc(C)c1,C N c 1 c c c c ( C ) c 1,0,Train
388,N(c1ccccc1)c2ccccc2,N ( c 1 c c c c c 1 ) c 2 c c c c c 2,0,Train
389,Nc1ccc(Cl)cc1Cl,N c 1 c c c ( Cl ) c c 1 Cl,0,Train
390,Nc1cc(Cl)ccc1Cl,N c 1 c c ( Cl ) c c c 1 Cl,0,Train
391,Nc1ccc(cc1)N=Nc2ccccc2,N c 1 c c c ( c c 1 ) N = N c 2 c c c c c 2,0,Train
392,Nc1ccccc1[N+]([O-])=O,N c 1 c c c c c 1 [ N+ ] ( [ O- ] ) = O,0,Train
393,Nc1ccc(Cl)cc1[N+]([O-])=O,N c 1 c c c ( Cl ) c c 1 [ N+ ] ( [ O- ] ) = O,0,Train
394,Nc1c(Cl)cc(cc1[N+]([O-])=O)[N+]([O-])=O,N c 1 c ( Cl ) c c ( c c 1 [ N+ ] ( [ O- ] ) = O ) [ N+ ] ( [ O- ] ) = O,0,Train
395,[O-][N+](=O)c1ccccc1Cl,[ O- ] [ N+ ] ( = O ) c 1 c c c c c 1 Cl,0,Train
396,[O-][N+](=O)c1ccccc1[N+]([O-])=O,[ O- ] [ N+ ] ( = O ) c 1 c c c c c 1 [ N+ ] ( [ O- ] ) = O,0,Train
397,Cc1ccc(c(c1)[N+]([O-])=O)[N+]([O-])=O,C c 1 c c c ( c ( c 1 ) [ N+ ] ( [ O- ] ) = O ) [ N+ ] ( [ O- ] ) = O,0,Train
398,Cc1ccc(cc1[N+]([O-])=O)[N+]([O-])=O,C c 1 c c c ( c c 1 [ N+ ] ( [ O- ] ) = O ) [ N+ ] ( [ O- ] ) = O,0,Train
399,Cc1ccc(cc1Cl)[N+]([O-])=O,C c 1 c c c ( c c 1 Cl ) [ N+ ] ( [ O- ] ) = O,0,Train
400,[O-][N+](=O)c1ccc(Cl)cc1C(F)(F)F,[ O- ] [ N+ ] ( = O ) c 1 c c c ( Cl ) c c 1 C ( F ) ( F ) F,0,Train
401,[O-][N+](=O)c1ccc(Cl)c(c1)[N+]([O-])=O,[ O- ] [ N+ ] ( = O ) c 1 c c c ( Cl ) c ( c 1 ) [ N+ ] ( [ O- ] ) = O,0,Train
402,[O-][N+](=O)c1ccc(Cl)c(Cl)c1,[ O- ] [ N+ ] ( = O ) c 1 c c c ( Cl ) c ( Cl ) c 1,0,Train
403,[O-][N+](=O)c1ccc(Cl)cc1Cl,[ O- ] [ N+ ] ( = O ) c 1 c c c ( Cl ) c c 1 Cl,0,Train
404,NC(=N)N(c1ccccc1)c2ccccc2,N C ( = N ) N ( c 1 c c c c c 1 ) c 2 c c c c c 2,0,Train
405,CC(=C)c1ccc(O)cc1,C C ( = C ) c 1 c c c ( O ) c c 1,0,Train
406,CCC(C)c1ccccc1O,C C C ( C ) c 1 c c c c c 1 O,0,Train
407,CCC(C)c1ccc(O)cc1,C C C ( C ) c 1 c c c ( O ) c c 1,0,Train
408,CC(C)(C)CC(C)(C)c1ccc(O)cc1,C C ( C ) ( C ) C C ( C ) ( C ) c 1 c c c ( O ) c c 1,0,Train
409,CCCCCCCCCCCCc1ccccc1O,C C C C C C C C C C C C c 1 c c c c c 1 O,0,Train
410,CCC(C)(C)c1ccc(O)c(c1)C(C)(C)CC,C C C ( C ) ( C ) c 1 c c c ( O ) c ( c 1 ) C ( C ) ( C ) C C,0,Train
411,CC(C)(C)c1ccc(O)c(c1)C(C)(C)C,C C ( C ) ( C ) c 1 c c c ( O ) c ( c 1 ) C ( C ) ( C ) C,0,Train
412,CC(C)c1cccc(C(C)C)c1O,C C ( C ) c 1 c c c c ( C ( C ) C ) c 1 O,0,Train
413,Cc1ccc(O)c(c1)C(C)(C)C,C c 1 c c c ( O ) c ( c 1 ) C ( C ) ( C ) C,0,Train
414,CC(C)c1ccc(C)cc1O,C C ( C ) c 1 c c c ( C ) c c 1 O,0,Train
415,CCc1cc(c(O)c(c1)C(C)(C)C)C(C)(C)C,C C c 1 c c ( c ( O ) c ( c 1 ) C ( C ) ( C ) C ) C ( C ) ( C ) C,0,Train
416,CC(C)(C)c1cc(CO)cc(c1O)C(C)(C)C,C C ( C ) ( C ) c 1 c c ( C O ) c c ( c 1 O ) C ( C ) ( C ) C,0,Train
417,Oc1ccc(Cc2ccccc2)cc1,O c 1 c c c ( C c 2 c c c c c 2 ) c c 1,0,Train
418,CCC(C)c1ccc(OCC2CO2)cc1,C C C ( C ) c 1 c c c ( O C C 2 C O 2 ) c c 1,0,Train
419,CCCCOc1ccccc1OCCCC,C C C C O c 1 c c c c c 1 O C C C C,0,Train
420,COc1ccc(O)c(c1)C(C)(C)C,C O c 1 c c c ( O ) c ( c 1 ) C ( C ) ( C ) C,0,Train
421,COc1ccccc1[N+]([O-])=O,C O c 1 c c c c c 1 [ N+ ] ( [ O- ] ) = O,0,Train
422,Cc1ccc(O)cc1[N+]([O-])=O,C c 1 c c c ( O ) c c 1 [ N+ ] ( [ O- ] ) = O,0,Train
423,Cc1cc(O)ccc1[N+]([O-])=O,C c 1 c c ( O ) c c c 1 [ N+ ] ( [ O- ] ) = O,0,Train
424,Cc1ccc(cc1O)[N+]([O-])=O,C c 1 c c c ( c c 1 O ) [ N+ ] ( [ O- ] ) = O,0,Train
425,CCC(C)c1cc(cc(c1O)[N+]([O-])=O)[N+]([O-])=O,C C C ( C ) c 1 c c ( c c ( c 1 O ) [ N+ ] ( [ O- ] ) = O ) [ N+ ] ( [ O- ] ) = O,0,Train
426,Oc1ccccc1Cl,O c 1 c c c c c 1 Cl,0,Train
427,Oc1cccc(Cl)c1,O c 1 c c c c ( Cl ) c 1,0,Train
428,Oc1ccc(Br)cc1,O c 1 c c c ( Br ) c c 1,0,Train
429,Oc1cccc(Br)c1,O c 1 c c c c ( Br ) c 1,0,Train
430,Oc1ccccc1Br,O c 1 c c c c c 1 Br,0,Train
431,Clc1ccc(OCOCC#CI)cc1,Cl c 1 c c c ( O C O C C # C I ) c c 1,0,Train
432,Cc1cc(O)ccc1Cl,C c 1 c c ( O ) c c c 1 Cl,0,Train
433,Oc1ccc(Cl)cc1Cl,O c 1 c c c ( Cl ) c c 1 Cl,0,Train
434,Oc1ccc(Br)cc1Br,O c 1 c c c ( Br ) c c 1 Br,0,Train
435,Oc1cccc(Cl)c1Cl,O c 1 c c c c ( Cl ) c 1 Cl,0,Train
436,Oc1c(Cl)cccc1Cl,O c 1 c ( Cl ) c c c c 1 Cl,0,Train
437,Oc1ccc(Cl)c(Cl)c1,O c 1 c c c ( Cl ) c ( Cl ) c 1,0,Train
438,Oc1cc(Cl)cc(Cl)c1,O c 1 c c ( Cl ) c c ( Cl ) c 1,0,Train
439,Oc1c(Cl)cc(Cl)cc1[N+]([O-])=O,O c 1 c ( Cl ) c c ( Cl ) c c 1 [ N+ ] ( [ O- ] ) = O,0,Train
440,C(OCc1ccccc1)c2ccccc2,C ( O C c 1 c c c c c 1 ) c 2 c c c c c 2,0,Train
441,O=C(c1ccccc1)c2ccccc2,O = C ( c 1 c c c c c 1 ) c 2 c c c c c 2,0,Train
442,N#Cc1ccc(cc1)C#N,N # C c 1 c c c ( c c 1 ) C # N,0,Train
443,Clc1c(Cl)c(C#N)c(Cl)c(C#N)c1Cl,Cl c 1 c ( Cl ) c ( C # N ) c ( Cl ) c ( C # N ) c 1 Cl,0,Train
444,CON(C)C(=O)Nc1ccc(Cl)c(Cl)c1,C O N ( C ) C ( = O ) N c 1 c c c ( Cl ) c ( Cl ) c 1,0,Train
445,O[S](=O)(=O)c1cc(Cl)ccc1Oc2ccc(Cl)cc2NC(=O)Nc3ccc(Cl)c(Cl)c3,O [ S ] ( = O ) ( = O ) c 1 c c ( Cl ) c c c 1 O c 2 c c c ( Cl ) c c 2 N C ( = O ) N c 3 c c c ( Cl ) c ( Cl ) c 3,0,Train
446,CCC(C)c1ccccc1OC(=O)NC,C C C ( C ) c 1 c c c c c 1 O C ( = O ) N C,0,Train
447,CNC(=O)Oc1ccccc1C(C)C,C N C ( = O ) O c 1 c c c c c 1 C ( C ) C,0,Train
448,Cc1ccc(cc1N=C=O)N=C=O,C c 1 c c c ( c c 1 N = C = O ) N = C = O,0,Train
449,CCC1CCCCC1,C C C 1 C C C C C 1,0,Train
450,C1CCCCC1,C 1 C C C C C 1,0,Train
451,C1CCC=CC1,C 1 C C C = C C 1,0,Train
452,ClC1C(Br)C(Br)C(Br)C(Br)C1Br,Cl C 1 C ( Br ) C ( Br ) C ( Br ) C ( Br ) C 1 Br,0,Train
453,ClC1CCCCC1,Cl C 1 C C C C C 1,0,Train
454,BrC1CCC(Br)C(Br)CCC1Br,Br C 1 C C C ( Br ) C ( Br ) C C C 1 Br,0,Train
455,CCCC[Sn](CCCC)(CCCC)Oc1c(Cl)c(Cl)c(Cl)c(Cl)c1Cl,C C C C [ S n ] ( C C C C ) ( C C C C ) O c 1 c ( Cl ) c ( Cl ) c ( Cl ) c ( Cl ) c 1 Cl,0,Train
456,CO[P](=S)(OC)Oc1ccc(c(C)c1)[N+]([O-])=O,C O [ P ] ( = S ) ( O C ) O c 1 c c c ( c ( C ) c 1 ) [ N+ ] ( [ O- ] ) = O,0,Train
457,Oc1c(Br)c(Br)c(Br)c(Br)c1Br,O c 1 c ( Br ) c ( Br ) c ( Br ) c ( Br ) c 1 Br,0,Train
458,CC(C)(C)c1cc(C(O)=O)c(O)c(c1)C(C)(C)C,C C ( C ) ( C ) c 1 c c ( C ( O ) = O ) c ( O ) c ( c 1 ) C ( C ) ( C ) C,0,Train
459,CO[P](=O)(OC)OC(=CCl)c1cc(Cl)c(Cl)cc1Cl,C O [ P ] ( = O ) ( O C ) O C ( = C Cl ) c 1 c c ( Cl ) c ( Cl ) c c 1 Cl,0,Train
460,CCc1ccc(cc1)c2ccccc2,C C c 1 c c c ( c c 1 ) c 2 c c c c c 2,0,Train
461,CC(c1ccccc1)c2cccc(C)c2C,C C ( c 1 c c c c c 1 ) c 2 c c c c ( C ) c 2 C,0,Train
462,Nc1ccc(Cc2ccc(N)cc2)cc1,N c 1 c c c ( C c 2 c c c ( N ) c c 2 ) c c 1,0,Train
463,Oc1ccc(cc1)C2(CCCCC2)c3ccc(O)cc3,O c 1 c c c ( c c 1 ) C 2 ( C C C C C 2 ) c 3 c c c ( O ) c c 3,0,Train
464,Oc1ccc(Cl)cc1Cc2cc(Cl)ccc2O,O c 1 c c c ( Cl ) c c 1 C c 2 c c ( Cl ) c c c 2 O,0,Train
465,Oc1c(Cl)cc(Cl)c(Cl)c1Cc2c(O)c(Cl)cc(Cl)c2Cl,O c 1 c ( Cl ) c c ( Cl ) c ( Cl ) c 1 C c 2 c ( O ) c ( Cl ) c c ( Cl ) c 2 Cl,0,Train
466,Nc1ccc(Cc2ccc(N)c(Cl)c2)cc1Cl,N c 1 c c c ( C c 2 c c c ( N ) c ( Cl ) c 2 ) c c 1 Cl,0,Train
467,Cc1cc(Cc2cc(C)cc(c2O)C(C)(C)C)c(O)c(c1)C(C)(C)C,C c 1 c c ( C c 2 c c ( C ) c c ( c 2 O ) C ( C ) ( C ) C ) c ( O ) c ( c 1 ) C ( C ) ( C ) C,0,Train
468,CC1CC(CCC1N)CC2CCC(N)C(C)C2,C C 1 C C ( C C C 1 N ) C C 2 C C C ( N ) C ( C ) C 2,0,Train
469,CC(C)(c1ccc(O)cc1)c2ccc(O)cc2,C C ( C ) ( c 1 c c c ( O ) c c 1 ) c 2 c c c ( O ) c c 2,0,Train
470,CCCCCCCCOc1ccc(c(O)c1)C(=O)c2ccccc2,C C C C C C C C O c 1 c c c ( c ( O ) c 1 ) C ( = O ) c 2 c c c c c 2,0,Train
471,CCOC(=O)C(O)(c1ccc(Cl)cc1)c2ccc(Cl)cc2,C C O C ( = O ) C ( O ) ( c 1 c c c ( Cl ) c c 1 ) c 2 c c c ( Cl ) c c 2,0,Train
472,CC(C)(c1cc(Br)c(O)c(Br)c1)c2cc(Br)c(O)c(Br)c2,C C ( C ) ( c 1 c c ( Br ) c ( O ) c ( Br ) c 1 ) c 2 c c ( Br ) c ( O ) c ( Br ) c 2,0,Train
473,Nc1cccc2ccccc12,N c 1 c c c c 2 c c c c c 1 2,0,Train
474,Nc1cccc2c(N)cccc12,N c 1 c c c c 2 c ( N ) c c c c 1 2,0,Train
475,Nc1cccc2cccc(N)c12,N c 1 c c c c 2 c c c c ( N ) c 1 2,0,Train
476,N(c1ccccc1)c2ccc3ccccc3c2,N ( c 1 c c c c c 1 ) c 2 c c c 3 c c c c c 3 c 2,0,Train
477,Oc1c(Cl)cc(Cl)c2ccccc12,O c 1 c ( Cl ) c c ( Cl ) c 2 c c c c c 1 2,0,Train
478,C1CCc2ccccc2C1,C 1 C C c 2 c c c c c 2 C 1,0,Train
479,C1C=CCC2C=CCC12,C 1 C = C C C 2 C = C C C 1 2,0,Train
480,C\C=C1/CC2CC1C=C2,C \ C = C 1 / C C 2 C C 1 C = C 2,0,Train
481,C1C=CC2C3CC(C=C3)C12,C 1 C = C C 2 C 3 C C ( C = C 3 ) C 1 2,0,Train
482,Nc1cccc2C(=O)c3ccccc3C(=O)c12,N c 1 c c c c 2 C ( = O ) c 3 c c c c c 3 C ( = O ) c 1 2,0,Train
483,Oc1ccc(cc1)c2ccc(O)cc2,O c 1 c c c ( c c 1 ) c 2 c c c ( O ) c c 2,0,Train
484,CC(C)(CC(=C)c1ccccc1)c2ccccc2,C C ( C ) ( C C ( = C ) c 1 c c c c c 1 ) c 2 c c c c c 2,0,Train
485,Cc1cc(cc(C)c1OCC2CO2)c3cc(C)c(OCC4CO4)c(C)c3,C c 1 c c ( c c ( C ) c 1 O C C 2 C O 2 ) c 3 c c ( C ) c ( O C C 4 C O 4 ) c ( C ) c 3,0,Train
486,[nH]1c2ccccc2cc1c3ccccc3,[ n H ] 1 c 2 c c c c c 2 c c 1 c 3 c c c c c 3,0,Train
487,COC(=O)Nc1[nH]c2ccccc2n1,C O C ( = O ) N c 1 [ n H ] c 2 c c c c c 2 n 1,0,Train
488,[O-][N+](=O)c1ccc2[nH]cnc2c1,[ O- ] [ N+ ] ( = O ) c 1 c c c 2 [ n H ] c n c 2 c 1,0,Train
489,C=Cc1ccncc1,C = C c 1 c c n c c 1,0,Train
490,Nc1ccccn1,N c 1 c c c c n 1,0,Train
491,Nc1ccncc1,N c 1 c c n c c 1,0,Train
492,Nc1cccnc1,N c 1 c c c n c 1,0,Train
493,Oc1cccc2cccnc12,O c 1 c c c c 2 c c c n c 1 2,0,Train
494,N1c2ccccc2Sc3ccccc13,N 1 c 2 c c c c c 2 S c 3 c c c c c 1 3,0,Train
495,CCO[P](=S)(OCC)Oc1cc(C)nc(n1)C(C)C,C C O [ P ] ( = S ) ( O C C ) O c 1 c c ( C ) n c ( n 1 ) C ( C ) C,0,Train
496,CN(C)c1ccc(cc1)C(=N)c2ccc(cc2)N(C)C,C N ( C ) c 1 c c c ( c c 1 ) C ( = N ) c 2 c c c ( c c 2 ) N ( C ) C,0,Train
497,N#CSCSc1sc2ccccc2n1,N # C S C S c 1 s c 2 c c c c c 2 n 1,0,Train
498,CN(C1CCCCC1)c2ccc3c(Oc4cc(C)c(Nc5ccccc5)cc4C36OC(=O)c7ccccc67)c2,C N ( C 1 C C C C C 1 ) c 2 c c c 3 c ( O c 4 c c ( C ) c ( N c 5 c c c c c 5 ) c c 4 C 3 6 O C ( = O ) c 7 c c c c c 6 7 ) c 2,0,Train
499,CCNc1nc(NC(C)C)nc(SC)n1,C C N c 1 n c ( N C ( C ) C ) n c ( S C ) n 1,0,Train
500,Nc1ccccc1c2ccccc2,N c 1 c c c c c 1 c 2 c c c c c 2,0,Train
501,ClC(c1ccccc1)c2ccc(Cl)cc2,Cl C ( c 1 c c c c c 1 ) c 2 c c c ( Cl ) c c 2,0,Train
502,s1cccc1,s 1 c c c c 1,0,Train
503,CC(Cl)(Cl)Cl,C C ( Cl ) ( Cl ) Cl,0,Train
504,CCCCC(CC)C(=O)OCC(COC(=O)C(CC)CCCC)(COC(=O)C(CC)CCCC)COC(=O)C(CC)CCCC,C C C C C ( C C ) C ( = O ) O C C ( C O C ( = O ) C ( C C ) C C C C ) ( C O C ( = O ) C ( C C ) C C C C ) C O C ( = O ) C ( C C ) C C C C,0,Train
505,CCCCCCCCCCCCCCCCCCN=C=O,C C C C C C C C C C C C C C C C C C N = C = O,0,Train
506,NNC(N)=S,N N C ( N ) = S,0,Train
507,FC(F)(F)c1cccc(c1)C(F)(F)F,F C ( F ) ( F ) c 1 c c c c ( c 1 ) C ( F ) ( F ) F,0,Train
508,Nc1cccc(c1)[N+]([O-])=O,N c 1 c c c c ( c 1 ) [ N+ ] ( [ O- ] ) = O,0,Train
509,Oc1ccccc1[N](=O)=O,O c 1 c c c c c 1 [ N ] ( = O ) = O,0,Train
510,COc1ccc(cc1)[N+]([O-])=O,C O c 1 c c c ( c c 1 ) [ N+ ] ( [ O- ] ) = O,0,Train
511,Cc1ccc(O)c(c1)[N+]([O-])=O,C c 1 c c c ( O ) c ( c 1 ) [ N+ ] ( [ O- ] ) = O,0,Train
512,OC(=O)COc1ccc(Cl)cc1Cl,O C ( = O ) C O c 1 c c c ( Cl ) c c 1 Cl,0,Train
513,CCCCN[S](=O)(=O)c1ccccc1,C C C C N [ S ] ( = O ) ( = O ) c 1 c c c c c 1,0,Train
514,Nc1cccc(c1)[S](=O)(=O)c2cccc(N)c2,N c 1 c c c c ( c 1 ) [ S ] ( = O ) ( = O ) c 2 c c c c ( N ) c 2,0,Train
515,CN(C)C(=O)Nc1ccc(Cl)c(Cl)c1,C N ( C ) C ( = O ) N c 1 c c c ( Cl ) c ( Cl ) c 1,0,Train
516,Clc1ccccc1NNc2ccccc2Cl,Cl c 1 c c c c c 1 N N c 2 c c c c c 2 Cl,0,Train
517,C1c2ccccc2c3ccccc13,C 1 c 2 c c c c c 2 c 3 c c c c c 1 3,0,Train
518,FC(Cl)(Cl)SN1C(=O)c2ccccc2C1=O,F C ( Cl ) ( Cl ) S N 1 C ( = O ) c 2 c c c c c 2 C 1 = O,0,Train
519,CN(C)c1ccc(cc1)C2(OC(=O)c3cc(ccc23)N(C)C)c4ccc(cc4)N(C)C,C N ( C ) c 1 c c c ( c c 1 ) C 2 ( O C ( = O ) c 3 c c ( c c c 2 3 ) N ( C ) C ) c 4 c c c ( c c 4 ) N ( C ) C,0,Train
520,Cc1cc(n2nc3ccc(Cl)cc3n2)c(O)c(c1)C(C)(C)C,C c 1 c c ( n 2 n c 3 c c c ( Cl ) c c 3 n 2 ) c ( O ) c ( c 1 ) C ( C ) ( C ) C,0,Train
521,CC(C)CN1CCOCC1,C C ( C ) C N 1 C C O C C 1,0,Train
522,CCCC1=CC(=O)NC(=S)N1,C C C C 1 = C C ( = O ) N C ( = S ) N 1,0,Train
523,O=C1\C(Nc2ccccc12)=C\3Nc4ccccc4C3=O,O = C 1 \ C ( N c 2 c c c c c 1 2 ) = C \ 3 N c 4 c c c c c 4 C 3 = O,0,Train
524,Oc1c(Br)c2ccccc2nc1C3C(=O)c4ccccc4C3=O,O c 1 c ( Br ) c 2 c c c c c 2 n c 1 C 3 C ( = O ) c 4 c c c c c 4 C 3 = O,0,Train
525,[O-][N+](=O)c1cc(Cl)c(N=Nc2ccc(cc2)N(CCC#N)CCC#N)c(Cl)c1,[ O- ] [ N+ ] ( = O ) c 1 c c ( Cl ) c ( N = N c 2 c c c ( c c 2 ) N ( C C C # N ) C C C # N ) c ( Cl ) c 1,0,Train
526,CCC(=O)Nc1cc(ccc1N=Nc2ccc(cc2Cl)[N](=O)=O)N(CCOC(C)=O)CCOC(C)=O,C C C ( = O ) N c 1 c c ( c c c 1 N = N c 2 c c c ( c c 2 Cl ) [ N ] ( = O ) = O ) N ( C C O C ( C ) = O ) C C O C ( C ) = O,0,Train
527,Nc1c(Oc2ccc(Br)cc2)cc(O)c3C(=O)c4ccccc4C(=O)c13,N c 1 c ( O c 2 c c c ( Br ) c c 2 ) c c ( O ) c 3 C ( = O ) c 4 c c c c c 4 C ( = O ) c 1 3,0,Train
528,Oc1ccc(Nc2ccccc2)c3C(=O)c4c(c(O)ccc4[N+]([O-])=O)C(=O)c13,O c 1 c c c ( N c 2 c c c c c 2 ) c 3 C ( = O ) c 4 c ( c ( O ) c c c 4 [ N+ ] ( [ O- ] ) = O ) C ( = O ) c 1 3,0,Train
529,CC1=CC(C)(C)Nc2ccccc12,C C 1 = C C ( C ) ( C ) N c 2 c c c c c 1 2,0,Train
530,ClC(Cl)Cl,Cl C ( Cl ) Cl,0,Train
531,BrCCBr,Br C C Br,0,Train
532,ClCC(Cl)CCl,Cl C C ( Cl ) C Cl,0,Train
533,CCNc1ccccc1,C C N c 1 c c c c c 1,0,Train
534,CC1(C)CC(N)CC(C)(CN)C1,C C 1 ( C ) C C ( N ) C C ( C ) ( C N ) C 1,0,Train
535,OC(=O)c1ccc2cc(ccc2c1)C(O)=O,O C ( = O ) c 1 c c c 2 c c ( c c c 2 c 1 ) C ( O ) = O,0,Train
536,S=C1Nc2ccccc2N1,S = C 1 N c 2 c c c c c 2 N 1,0,Train
537,s1c2ccccc2c3ccccc13,s 1 c 2 c c c c c 2 c 3 c c c c c 1 3,0,Train
538,Nc1sccn1,N c 1 s c c n 1,0,Train
539,CCC1(C(=O)NC(=O)NC1=O)c2ccccc2,C C C 1 ( C ( = O ) N C ( = O ) N C 1 = O ) c 2 c c c c c 2,0,Train
540,CC(CC(C)(C)C)CC(C)(C)CC(C)(C)C,C C ( C C ( C ) ( C ) C ) C C ( C ) ( C ) C C ( C ) ( C ) C,0,Train
541,CC(C)(C)N,C C ( C ) ( C ) N,0,Train
542,CN(C)CCN,C N ( C ) C C N,0,Train
543,NCCNCCN,N C C N C C N,0,Train
544,NCCNCCNCCN,N C C N C C N C C N,0,Train
545,CC(C)(C)OO,C C ( C ) ( C ) O O,0,Train
546,NCCNCCO,N C C N C C O,0,Train
547,CCCCCCCCCCCCCCCCCCS,C C C C C C C C C C C C C C C C C C S,0,Train
548,NC(N)=NC#N,N C ( N ) = N C # N,0,Train
549,CCCCCCCCCCCCSP(SCCCCCCCCCCCC)SCCCCCCCCCCCC,C C C C C C C C C C C C S P ( S C C C C C C C C C C C C ) S C C C C C C C C C C C C,0,Train
550,CCO[P](=O)(OCC)OCC,C C O [ P ] ( = O ) ( O C C ) O C C,0,Train
551,CO[P](=O)(OC)OC,C O [ P ] ( = O ) ( O C ) O C,0,Train
552,CCCCC(CC)CO[P](=O)(OCC(CC)CCCC)OCC(CC)CCCC,C C C C C ( C C ) C O [ P ] ( = O ) ( O C C ( C C ) C C C C ) O C C ( C C ) C C C C,0,Train
553,CCCCCC[Si](Cl)(CCCCCC)CCCCCC,C C C C C C [ Si ] ( Cl ) ( C C C C C C ) C C C C C C,0,Train
554,Cc1ccc(N)cc1N,C c 1 c c c ( N ) c c 1 N,0,Train
555,Cc1ccc(C)c(N)c1,C c 1 c c c ( C ) c ( N ) c 1,0,Train
556,CN(C)c1ccc(Cc2ccc(cc2)N(C)C)cc1,C N ( C ) c 1 c c c ( C c 2 c c c ( c c 2 ) N ( C ) C ) c c 1,0,Train
557,CN(C)c1cccc(c1)C(O)=O,C N ( C ) c 1 c c c c ( c 1 ) C ( O ) = O,0,Train
558,OC(=O)c1cccc(c1C(O)=O)[N+]([O-])=O,O C ( = O ) c 1 c c c c ( c 1 C ( O ) = O ) [ N+ ] ( [ O- ] ) = O,0,Train
560,Cc1ccc(N)c(c1)[S](O)(=O)=O,C c 1 c c c ( N ) c ( c 1 ) [ S ] ( O ) ( = O ) = O,0,Train
561,Cc1cc(N)c(cc1Cl)[S](O)(=O)=O,C c 1 c c ( N ) c ( c c 1 Cl ) [ S ] ( O ) ( = O ) = O,0,Train
562,Oc1ccc(cc1)[S](=O)(=O)c2ccc(O)cc2,O c 1 c c c ( c c 1 ) [ S ] ( = O ) ( = O ) c 2 c c c ( O ) c c 2,0,Train
563,CC1CCC2C(C1)C(=O)OC2=O,C C 1 C C C 2 C ( C 1 ) C ( = O ) O C 2 = O,0,Train
564,S=C(NC1CCCCC1)NC2CCCCC2,S = C ( N C 1 C C C C C 1 ) N C 2 C C C C C 2,0,Train
565,Cl[Si](c1ccccc1)(c2ccccc2)c3ccccc3,Cl [ Si ] ( c 1 c c c c c 1 ) ( c 2 c c c c c 2 ) c 3 c c c c c 3,0,Train
566,Brc1c(Br)c(Br)c(Oc2c(Br)c(Br)c(Br)c(Br)c2Br)c(Br)c1Br,Br c 1 c ( Br ) c ( Br ) c ( O c 2 c ( Br ) c ( Br ) c ( Br ) c ( Br ) c 2 Br ) c ( Br ) c 1 Br,0,Train
568,CC(C)(c1ccccc1)c2ccc(Nc3ccc(cc3)C(C)(C)c4ccccc4)cc2,C C ( C ) ( c 1 c c c c c 1 ) c 2 c c c ( N c 3 c c c ( c c 3 ) C ( C ) ( C ) c 4 c c c c c 4 ) c c 2,0,Train
569,OC(=O)C(O)(c1ccccc1)c2ccccc2,O C ( = O ) C ( O ) ( c 1 c c c c c 1 ) c 2 c c c c c 2,0,Train
570,Nc1ccc(\C=C\c2ccc(N)cc2[S](O)(=O)=O)c(c1)[S](O)(=O)=O,N c 1 c c c ( \ C = C \ c 2 c c c ( N ) c c 2 [ S ] ( O ) ( = O ) = O ) c ( c 1 ) [ S ] ( O ) ( = O ) = O,0,Train
571,OC(=O)c1ccc(Cl)c2c(Cl)ccc(C(=O)OC(=O)c3ccc(Cl)c4c(Cl)ccc(C(O)=O)c34)c12,O C ( = O ) c 1 c c c ( Cl ) c 2 c ( Cl ) c c c ( C ( = O ) O C ( = O ) c 3 c c c ( Cl ) c 4 c ( Cl ) c c c ( C ( O ) = O ) c 3 4 ) c 1 2,0,Train
572,OC(=O)C1C(C(O)=O)C2(Cl)C(=C(Cl)C1(Cl)C2(Cl)Cl)Cl,O C ( = O ) C 1 C ( C ( O ) = O ) C 2 ( Cl ) C ( = C ( Cl ) C 1 ( Cl ) C 2 ( Cl ) Cl ) Cl,0,Train
573,CC(C)C1=CC2C(C)CC1C3C2C(=O)OC3=O,C C ( C ) C 1 = C C 2 C ( C ) C C 1 C 3 C 2 C ( = O ) O C 3 = O,0,Train
574,C1Cc2cccc3cccc1c23,C 1 C c 2 c c c c 3 c c c c 1 c 2 3,0,Train
575,Nc1c(Cl)cc(cc1[S](O)(=O)=O)c2cc(Cl)c(N)c(c2)[S](O)(=O)=O,N c 1 c ( Cl ) c c ( c c 1 [ S ] ( O ) ( = O ) = O ) c 2 c c ( Cl ) c ( N ) c ( c 2 ) [ S ] ( O ) ( = O ) = O,0,Train
576,OC(=O)Cc1cccc2ccccc12,O C ( = O ) C c 1 c c c c 2 c c c c c 1 2,0,Train
577,ClC(Cl)C(Cl)(Cl)SN1C(=O)C2CC=CCC2C1=O,Cl C ( Cl ) C ( Cl ) ( Cl ) S N 1 C ( = O ) C 2 C C = C C C 2 C 1 = O,0,Train
578,Nc1[nH]cnn1,N c 1 [ n H ] c n n 1,0,Train
579,CC1(C)CC(O)CC(C)(C)N1,C C 1 ( C ) C C ( O ) C C ( C ) ( C ) N 1,0,Train
580,S=C(SSSSC(=S)N1CCCCC1)N2CCCCC2,S = C ( S S S S C ( = S ) N 1 C C C C C 1 ) N 2 C C C C C 2,0,Train
581,C1COCCO1,C 1 C O C C O 1,0,Train
582,Nc1nc(N)nc(N)n1,N c 1 n c ( N ) n c ( N ) n 1,0,Train
583,O=C1NC(=O)NC(=O)N1,O = C 1 N C ( = O ) N C ( = O ) N 1,0,Train
585,C1CCN2CCCN=C2CC1,C 1 C C N 2 C C C N = C 2 C C 1,0,Train
586,C1CN2CCN1CC2,C 1 C N 2 C C N 1 C C 2,0,Train
587,CC(=O)CC(=O)Nc1ccc(cc1C)c2ccc(NC(=O)CC(C)=O)c(C)c2,C C ( = O ) C C ( = O ) N c 1 c c c ( c c 1 C ) c 2 c c c ( N C ( = O ) C C ( C ) = O ) c ( C ) c 2,0,Train
588,CC(=O)OCCN(CCOC(C)=O)c1ccc(N=Nc2sc3cc(Cl)ccc3n2)c(NC(=O)c4ccccc4)c1,C C ( = O ) O C C N ( C C O C ( C ) = O ) c 1 c c c ( N = N c 2 s c 3 c c ( Cl ) c c c 3 n 2 ) c ( N C ( = O ) c 4 c c c c c 4 ) c 1,0,Train
589,CC(=O)C(N=Nc1ccc(cc1Cl)c2ccc(N=NC(C(C)=O)C(=O)Nc3ccccc3)c(Cl)c2)C(=O)Nc4ccccc4,C C ( = O ) C ( N = N c 1 c c c ( c c 1 Cl ) c 2 c c c ( N = N C ( C ( C ) = O ) C ( = O ) N c 3 c c c c c 3 ) c ( Cl ) c 2 ) C ( = O ) N c 4 c c c c c 4,0,Train
590,Cc1ccc(N=Nc2c(O)ccc3ccccc23)c(c1)[N+]([O-])=O,C c 1 c c c ( N = N c 2 c ( O ) c c c 3 c c c c c 2 3 ) c ( c 1 ) [ N+ ] ( [ O- ] ) = O,0,Train
591,Clc1c(Cl)c(Cl)c2C(=O)NC(=O)c2c1Cl,Cl c 1 c ( Cl ) c ( Cl ) c 2 C ( = O ) N C ( = O ) c 2 c 1 Cl,0,Train
592,Clc1ccccc1C2CO2,Cl c 1 c c c c c 1 C 2 C O 2,0,Train
593,NCC1CCC(CC1)C(O)=O,N C C 1 C C C ( C C 1 ) C ( O ) = O,0,Train
594,NN,N N,0,Train
595,CC(C)CC=C,C C ( C ) C C = C,0,Train
596,ClCCCCCCCCCl,Cl C C C C C C C C Cl,0,Train
597,ClCC(Cl)(Cl)CCl,Cl C C ( Cl ) ( Cl ) C Cl,0,Train
598,FC(F)(Cl)C(F)(Cl)Cl,F C ( F ) ( Cl ) C ( F ) ( Cl ) Cl,0,Train
599,ClC=C(Cl)Cl,Cl C = C ( Cl ) Cl,0,Train
600,CCCCN(CCCC)CCCC,C C C C N ( C C C C ) C C C C,0,Train
601,CN(C)CCCCCCN(C)C,C N ( C ) C C C C C C N ( C ) C,0,Train
602,CCN(O)CC,C C N ( O ) C C,0,Train
603,CC(C)(CO)CO,C C ( C ) ( C O ) C O,0,Train
604,CCC(CO)(CO)CO,C C C ( C O ) ( C O ) C O,0,Train
605,CC(C)(C)NCCO,C C ( C ) ( C ) N C C O,0,Train
606,CCN(CC)CCO,C C N ( C C ) C C O,0,Train
607,CCC(N)(CO)CO,C C C ( N ) ( C O ) C O,0,Train
608,CCCCN(CCO)CCCC,C C C C N ( C C O ) C C C C,0,Train
609,CCCCOCCCC,C C C C O C C C C,0,Train
610,CC(C)(C)OOC(C)(C)CCC(C)(C)OOC(C)(C)C,C C ( C ) ( C ) O O C ( C ) ( C ) C C C ( C ) ( C ) O O C ( C ) ( C ) C,0,Train
611,OCC(CO)(CO)COCC(CO)(CO)CO,O C C ( C O ) ( C O ) C O C C ( C O ) ( C O ) C O,0,Train
612,CC(O)COC(C)COC(C)CO,C C ( O ) C O C ( C ) C O C ( C ) C O,0,Train
613,CCCCCCCCCCCCCCCCCC(=O)NCCNC(=O)CCCCCCCCCCCCCCCCC,C C C C C C C C C C C C C C C C C C ( = O ) N C C N C ( = O ) C C C C C C C C C C C C C C C C C,0,Train
614,NNC(=O)CCCCC(=O)NN,N N C ( = O ) C C C C C ( = O ) N N,0,Train
615,OC(=O)C(Br)C(Br)C(O)=O,O C ( = O ) C ( Br ) C ( Br ) C ( O ) = O,0,Train
616,OC(=O)CN(CC(O)=O)CC(O)=O,O C ( = O ) C N ( C C ( O ) = O ) C C ( O ) = O,0,Train
617,CCO[P]([S-])(=S)OCC,C C O [ P ] ( [ S - ] ) ( = S ) O C C,0,Train
618,CN(C)[P](=O)(N(C)C)N(C)C,C N ( C ) [ P ] ( = O ) ( N ( C ) C ) N ( C ) C,0,Train
619,BrCC(Br)CO[P](=O)(OCC(Br)CBr)OCC(Br)CBr,Br C C ( Br ) C O [ P ] ( = O ) ( O C C ( Br ) C Br ) O C C ( Br ) C Br,0,Train
620,CCCCO[P](O)(=O)OCCCC,C C C C O [ P ] ( O ) ( = O ) O C C C C,0,Train
621,CCCC[Sn](CCCC)(CCCC)O[Sn](CCCC)(CCCC)CCCC,C C C C [ S n ] ( C C C C ) ( C C C C ) O [ S n ] ( C C C C ) ( C C C C ) C C C C,0,Train
622,CCCC[Sn](CCCC)(CCCC)OC(C)=O,C C C C [ S n ] ( C C C C ) ( C C C C ) O C ( C ) = O,0,Train
623,CCCCCCCC[Sn](CCCCCCCC)(CCCCCCCC)CCCCCCCC,C C C C C C C C [ S n ] ( C C C C C C C C ) ( C C C C C C C C ) C C C C C C C C,0,Train
624,C=CCN(CC=C)CC=C,C = C C N ( C C = C ) C C = C,0,Train
625,CCC(CO)(CO)COCC(CC)(CO)CO,C C C ( C O ) ( C O ) C O C C ( C C ) ( C O ) C O,0,Train
626,Clc1ccc(cc1)[S](=O)(=O)c2ccc(Cl)cc2,Cl c 1 c c c ( c c 1 ) [ S ] ( = O ) ( = O ) c 2 c c c ( Cl ) c c 2,0,Train
627,OC(=O)c1c(Cl)ccc(Cl)c1Cl,O C ( = O ) c 1 c ( Cl ) c c c ( Cl ) c 1 Cl,0,Train
628,CN(C)c1ccccc1,C N ( C ) c 1 c c c c c 1,0,Train
629,Cc1cccc(N)c1C,C c 1 c c c c ( N ) c 1 C,0,Train
630,Cc1cc(C)cc(N)c1,C c 1 c c ( C ) c c ( N ) c 1,0,Train
631,CCNc1ccc(C)cc1,C C N c 1 c c c ( C ) c c 1,0,Train
632,CNc1ccccc1C,C N c 1 c c c c c 1 C,0,Train
633,CC(C)CC(C)Nc1ccc(Nc2ccccc2)cc1,C C ( C ) C C ( C ) N c 1 c c c ( N c 2 c c c c c 2 ) c c 1,0,Train
634,CC(C)Nc1ccc(Nc2ccccc2)cc1,C C ( C ) N c 1 c c c ( N c 2 c c c c c 2 ) c c 1,0,Train
635,C1OC1CN(CC2CO2)c3ccccc3,C 1 O C 1 C N ( C C 2 C O 2 ) c 3 c c c c c 3,0,Train
636,Nc1cccc(N)c1,N c 1 c c c c ( N ) c 1,0,Train
637,Nc1cccc(Cl)c1,N c 1 c c c c ( Cl ) c 1,0,Train
638,Nc1ccccc1Cl,N c 1 c c c c c 1 Cl,0,Train
639,CC(C)c1ccc(N)cc1,C C ( C ) c 1 c c c ( N ) c c 1,0,Train
640,Cc1ccccc1N(CC2CO2)CC3CO3,C c 1 c c c c c 1 N ( C C 2 C O 2 ) C C 3 C O 3,0,Train
641,Cc1cccc(c1)[N+]([O-])=O,C c 1 c c c c ( c 1 ) [ N+ ] ( [ O- ] ) = O,0,Train
642,Cc1ccccc1[N+]([O-])=O,C c 1 c c c c c 1 [ N+ ] ( [ O- ] ) = O,0,Train
643,Cc1ccc(cc1)[N+]([O-])=O,C c 1 c c c ( c c 1 ) [ N+ ] ( [ O- ] ) = O,0,Train
644,Cc1cccc(C)c1O,C c 1 c c c c ( C ) c 1 O,0,Train
645,Cc1ccc(C)c(O)c1C,C c 1 c c c ( C ) c ( O ) c 1 C,0,Train
646,COc1ccc(C)cc1N,C O c 1 c c c ( C ) c c 1 N,0,Train
647,Cc1cccc(Oc2ccccc2)c1,C c 1 c c c c ( O c 2 c c c c c 2 ) c 1,0,Train
648,CCC(Oc1ccc(cc1C(C)(C)CC)C(C)(C)CC)C(=O)Nc2ccc(NC(=O)C(F)(F)C(F)(F)C(F)(F)F)c(O)c2,C C C ( O c 1 c c c ( c c 1 C ( C ) ( C ) C C ) C ( C ) ( C ) C C ) C ( = O ) N c 2 c c c ( N C ( = O ) C ( F ) ( F ) C ( F ) ( F ) C ( F ) ( F ) F ) c ( O ) c 2,0,Train
649,NN[S](=O)(=O)c1ccc(Oc2ccc(cc2)[S](=O)(=O)NN)cc1,N N [ S ] ( = O ) ( = O ) c 1 c c c ( O c 2 c c c ( c c 2 ) [ S ] ( = O ) ( = O ) N N ) c c 1,0,Train
650,Cc1cc(Cl)ccc1OCC(O)=O,C c 1 c c ( Cl ) c c c 1 O C C ( O ) = O,0,Train
651,Cc1cc(O)c(cc1Sc2cc(c(O)cc2C)C(C)(C)C)C(C)(C)C,C c 1 c c ( O ) c ( c c 1 S c 2 c c ( c ( O ) c c 2 C ) C ( C ) ( C ) C ) C ( C ) ( C ) C,0,Train
652,CCN(CC)c1ccc(C=O)cc1,C C N ( C C ) c 1 c c c ( C = O ) c c 1,0,Train
653,Clc1c(Cl)c(Cl)c(C#N)c(C#N)c1Cl,Cl c 1 c ( Cl ) c ( Cl ) c ( C # N ) c ( C # N ) c 1 Cl,0,Train
654,Cc1ccc(cc1)[S](N)(=O)=O,C c 1 c c c ( c c 1 ) [ S ] ( N ) ( = O ) = O,0,Train
655,Cc1ccc(cc1[S](O)(=O)=O)[N+]([O-])=O,C c 1 c c c ( c c 1 [ S ] ( O ) ( = O ) = O ) [ N+ ] ( [ O- ] ) = O,0,Train
656,Cc1ccccc1NC(N)=Nc2ccccc2C,C c 1 c c c c c 1 N C ( N ) = N c 2 c c c c c 2 C,0,Train
657,CNC(=O)Oc1cc(C)cc(C)c1,C N C ( = O ) O c 1 c c ( C ) c c ( C ) c 1,0,Train
658,BrC1CCC(Br)C(Br)CCC(Br)C(Br)CCC1Br,Br C 1 C C C ( Br ) C ( Br ) C C C ( Br ) C ( Br ) C C C 1 Br,0,Train
659,C1CC2OC2CC1C3CO3,C 1 C C 2 O C 2 C C 1 C 3 C O 3,0,Train
660,CC1=CC(=O)CC(C)(C)C1,C C 1 = C C ( = O ) C C ( C ) ( C ) C 1,0,Train
661,OC(=O)[C@@H]1CCCC[C@@H]1C(=O)OC(=O)[C@@H]2CCCC[C@@H]2C(O)=O,O C ( = O ) [ C @ @ H ] 1 C C C C [ C @ @ H ] 1 C ( = O ) O C ( = O ) [ C @ @ H ] 2 C C C C [ C @ @ H ] 2 C ( O ) = O,0,Train
662,CCCCC(CC)CO[P](=O)(Oc1ccccc1)Oc2ccccc2,C C C C C ( C C ) C O [ P ] ( = O ) ( O c 1 c c c c c 1 ) O c 2 c c c c c 2,0,Train
663,CN(C)C(=S)S[Sn](c1ccccc1)(c2ccccc2)c3ccccc3,C N ( C ) C ( = S ) S [ S n ] ( c 1 c c c c c 1 ) ( c 2 c c c c c 2 ) c 3 c c c c c 3,0,Train
664,CCOC(=O)C(S[P](=S)(OC)OC)c1ccccc1,C C O C ( = O ) C ( S [ P ] ( = S ) ( O C ) O C ) c 1 c c c c c 1,0,Train
665,CCO[P](=S)(Oc1ccc(cc1)[N+]([O-])=O)c2ccccc2,C C O [ P ] ( = S ) ( O c 1 c c c ( c c 1 ) [ N+ ] ( [ O- ] ) = O ) c 2 c c c c c 2,0,Train
666,CCCCc1ccc(C=O)cc1,C C C C c 1 c c c ( C = O ) c c 1,0,Train
667,Oc1c(Cl)c(Cl)c(Cl)c(Cl)c1Cl,O c 1 c ( Cl ) c ( Cl ) c ( Cl ) c ( Cl ) c 1 Cl,0,Train
668,CC(Br)(CBr)COc1c(Br)cc(Br)cc1Br,C C ( Br ) ( C Br ) C O c 1 c ( Br ) c c ( Br ) c c 1 Br,0,Train
669,O=C1CCCCC1C2=CCCCC2,O = C 1 C C C C C 1 C 2 = C C C C C 2,0,Train
670,CC(C)(c1ccc(OCCO)cc1)c2ccc(OCCO)cc2,C C ( C ) ( c 1 c c c ( O C C O ) c c 1 ) c 2 c c c ( O C C O ) c c 2,0,Train
671,CC(c1ccccc1)c2ccc(O)c(C(C)c3ccccc3)c2C(C)c4ccccc4,C C ( c 1 c c c c c 1 ) c 2 c c c ( O ) c ( C ( C ) c 3 c c c c c 3 ) c 2 C ( C ) c 4 c c c c c 4,0,Train
672,CC(C)(c1cc(Br)c(OCC(Br)CBr)c(Br)c1)c2cc(Br)c(OCC(Br)CBr)c(Br)c2,C C ( C ) ( c 1 c c ( Br ) c ( O C C ( Br ) C Br ) c ( Br ) c 1 ) c 2 c c ( Br ) c ( O C C ( Br ) C Br ) c ( Br ) c 2,0,Train
673,COC(=O)c1ccccc1C(=O)c2ccccc2,C O C ( = O ) c 1 c c c c c 1 C ( = O ) c 2 c c c c c 2,0,Train
674,CC1CC(C)C(=O)C(C1)C(O)CC2CC(=O)NC(=O)C2,C C 1 C C ( C ) C ( = O ) C ( C 1 ) C ( O ) C C 2 C C ( = O ) N C ( = O ) C 2,0,Train
675,ClC1=C(Cl)C2(Cl)C3CCC4C(CCC3C1(Cl)C2(Cl)Cl)C5(Cl)C(=C(Cl)C4(Cl)C5(Cl)Cl)Cl,Cl C 1 = C ( Cl ) C 2 ( Cl ) C 3 C C C 4 C ( C C C 3 C 1 ( Cl ) C 2 ( Cl ) Cl ) C 5 ( Cl ) C ( = C ( Cl ) C 4 ( Cl ) C 5 ( Cl ) Cl ) Cl,0,Train
676,CCCCC(CC)CN1C(=O)C2C(C1=O)C3(CCC2(C)C=C3)C(C)C,C C C C C ( C C ) C N 1 C ( = O ) C 2 C ( C 1 = O ) C 3 ( C C C 2 ( C ) C = C 3 ) C ( C ) C,0,Train
677,CCNc1cccc2ccccc12,C C N c 1 c c c c 2 c c c c c 1 2,0,Train
678,CC(C)C1CCCc2ccccc12,C C ( C ) C 1 C C C c 2 c c c c c 1 2,0,Train
679,CC1(C)C2CCC(C2)C1=C,C C 1 ( C ) C 2 C C C ( C 2 ) C 1 = C,0,Train
680,Clc1cccc2C(=O)c3ccccc3C(=O)c12,Cl c 1 c c c c 2 C ( = O ) c 3 c c c c c 3 C ( = O ) c 1 2,0,Train
681,Nc1c(Br)cc(O)c2C(=O)c3ccccc3C(=O)c12,N c 1 c ( Br ) c c ( O ) c 2 C ( = O ) c 3 c c c c c 3 C ( = O ) c 1 2,0,Train
682,Oc1cccc2C(=O)c3ccccc3C(=O)c12,O c 1 c c c c 2 C ( = O ) c 3 c c c c c 3 C ( = O ) c 1 2,0,Train
683,O=C1c2ccccc2C(=O)c3c4ccccc4ccc13,O = C 1 c 2 c c c c c 2 C ( = O ) c 3 c 4 c c c c c 4 c c c 1 3,0,Train
684,Brc1c(Br)c(Br)c(c(Br)c1Br)c2c(Br)c(Br)c(Br)c(Br)c2Br,Br c 1 c ( Br ) c ( Br ) c ( c ( Br ) c 1 Br ) c 2 c ( Br ) c ( Br ) c ( Br ) c ( Br ) c 2 Br,0,Train
685,Nc1ccc(cc1Cl)c2ccc(N)c(Cl)c2,N c 1 c c c ( c c 1 Cl ) c 2 c c c ( N ) c ( Cl ) c 2,0,Train
686,CCCCCCc1ccc(cc1)c2ccc(cc2)C#N,C C C C C C c 1 c c c ( c c 1 ) c 2 c c c ( c c 2 ) C # N,0,Train
687,Cc1ccc(C)c(Cc2ccccc2)c1,C c 1 c c c ( C ) c ( C c 2 c c c c c 2 ) c 1,0,Train
688,CCCCCCCCCCCCCCCCCCNC(=O)N1CC1,C C C C C C C C C C C C C C C C C C N C ( = O ) N 1 C C 1,0,Train
689,Cc1cscc1,C c 1 c s c c 1,0,Train
690,S=C1Nc2ccccc2S1,S = C 1 N c 2 c c c c c 2 S 1,0,Train
691,S(Sc1sc2ccccc2n1)c3sc4ccccc4n3,S ( S c 1 s c 2 c c c c c 2 n 1 ) c 3 s c 4 c c c c c 4 n 3,0,Train
692,Cc1ccc(O)c(c1)n2n3n2c4ccccc34,C c 1 c c c ( O ) c ( c 1 ) n 2 n 3 n 2 c 4 c c c c c 3 4,0,Train
693,Cc1ccccn1,C c 1 c c c c n 1,0,Train
694,Cc1cccnc1,C c 1 c c c n c 1,0,Train
695,Clc1ccccn1,Cl c 1 c c c c n 1,0,Train
696,N#Cc1cccnc1,N # C c 1 c c c n c 1,0,Train
697,CN1CCCCC1,C N 1 C C C C C 1,0,Train
698,c1ccc2ncccc2c1,c 1 c c c 2 n c c c c 2 c 1,0,Train
699,CCOc1ccc2NC(C)(C)C=C(C)c2c1,C C O c 1 c c c 2 N C ( C ) ( C ) C = C ( C ) c 2 c 1,0,Train
700,C1CN(CCO1)SSN2CCOCC2,C 1 C N ( C C O 1 ) S S N 2 C C O C C 2,0,Train
701,C1CNCCN1,C 1 C N C C N 1,0,Train
702,Nc1nc(N)nc(n1)c2ccccc2,N c 1 n c ( N ) n c ( n 1 ) c 2 c c c c c 2,0,Train
703,C=CCN1C(=O)N(CC=C)C(=O)N(CC=C)C1=O,C = C C N 1 C ( = O ) N ( C C = C ) C ( = O ) N ( C C = C ) C 1 = O,0,Train
704,CC(=O)C(N=Nc1ccc(cc1Cl)c2ccc(N=NC(C(C)=O)C(=O)Nc3ccccc3C)c(Cl)c2)C(=O)Nc4ccccc4C,C C ( = O ) C ( N = N c 1 c c c ( c c 1 Cl ) c 2 c c c ( N = N C ( C ( C ) = O ) C ( = O ) N c 3 c c c c c 3 C ) c ( Cl ) c 2 ) C ( = O ) N c 4 c c c c c 4 C,0,Train
705,O=C1C=CC(=O)N1c2ccc(Cc3ccc(cc3)N4C(=O)C=CC4=O)cc2,O = C 1 C = C C ( = O ) N 1 c 2 c c c ( C c 3 c c c ( c c 3 ) N 4 C ( = O ) C = C C 4 = O ) c c 2,0,Train
706,CC(C)Oc1cc(N2N=C(OC2=O)C(C)(C)C)c(Cl)cc1Cl,C C ( C ) O c 1 c c ( N 2 N = C ( O C 2 = O ) C ( C ) ( C ) C ) c ( Cl ) c c 1 Cl,0,Train
707,CCO[P](=S)(OCC)Oc1nc(Cl)c(Cl)cc1Cl,C C O [ P ] ( = S ) ( O C C ) O c 1 n c ( Cl ) c ( Cl ) c c 1 Cl,0,Train
708,CC1CCCC(C)N1,C C 1 C C C C ( C ) N 1,0,Train
709,CCNc1nc(Cl)nc(NCC)n1,C C N c 1 n c ( Cl ) n c ( N C C ) n 1,0,Train
710,CCNc1nc(Cl)nc(NC(C)C)n1,C C N c 1 n c ( Cl ) n c ( N C ( C ) C ) n 1,0,Train
711,CC(C)=CC1C(C(=O)OC2CC(=O)C(=C2C)CC=C)C1(C)C,C C ( C ) = C C 1 C ( C ( = O ) O C 2 C C ( = O ) C ( = C 2 C ) C C = C ) C 1 ( C ) C,0,Train
712,CCN(C(=O)\C=C\C)c1ccccc1C,C C N ( C ( = O ) \ C = C \ C ) c 1 c c c c c 1 C,0,Train
713,CC(C)=CC1C(C(=O)OCN2C(=O)C3=C(CCCC3)C2=O)C1(C)C,C C ( C ) = C C 1 C ( C ( = O ) O C N 2 C ( = O ) C 3 = C ( C C C C 3 ) C 2 = O ) C 1 ( C ) C,0,Train
714,Cc1cc(ccc1N)c2ccc(N)c(C)c2,C c 1 c c ( c c c 1 N ) c 2 c c c ( N ) c ( C ) c 2,0,Train
715,Clc1ccc(NC(=O)Nc2ccc(Cl)c(Cl)c2)cc1,Cl c 1 c c c ( N C ( = O ) N c 2 c c c ( Cl ) c ( Cl ) c 2 ) c c 1,0,Train
716,NC(=O)Nc1ccccc1,N C ( = O ) N c 1 c c c c c 1,0,Train
717,o1c2ccccc2c3ccccc13,o 1 c 2 c c c c c 2 c 3 c c c c c 1 3,0,Train
718,C\C=C\C\C=C\C\C=C\CC=C,C \ C = C \ C \ C = C \ C \ C = C \ C C = C,0,Train
719,ClCCl,Cl C Cl,0,Train
720,ClCBr,Cl C Br,0,Train
721,BrCCCBr,Br C C C Br,0,Train
722,ClCCCCCl,Cl C C C C Cl,0,Train
723,CCCCCBr,C C C C C Br,0,Train
724,BrCCCCCCCCCCBr,Br C C C C C C C C C C Br,0,Train
725,BrCC(CBr)(CBr)CBr,Br C C ( C Br ) ( C Br ) C Br,0,Train
726,FC(Cl)(Cl)C(F)(Cl)Cl,F C ( Cl ) ( Cl ) C ( F ) ( Cl ) Cl,0,Train
727,ClC(Cl)=C(Cl)Cl,Cl C ( Cl ) = C ( Cl ) Cl,0,Train
728,ClC(Cl)=C(Cl)C(Cl)=C(Cl)Cl,Cl C ( Cl ) = C ( Cl ) C ( Cl ) = C ( Cl ) Cl,0,Train
729,CC(CCO)CC(C)(C)C,C C ( C C O ) C C ( C ) ( C ) C,0,Train
730,CCCCC(CC)(CO)CO,C C C C C ( C C ) ( C O ) C O,0,Train
731,CC(CO)(CO)CO,C C ( C O ) ( C O ) C O,0,Train
732,OCC(CO)(CO)CO,O C C ( C O ) ( C O ) C O,0,Train
733,OCC(F)(F)C(F)(F)C(F)(F)C(F)(F)C(F)(F)C(F)F,O C C ( F ) ( F ) C ( F ) ( F ) C ( F ) ( F ) C ( F ) ( F ) C ( F ) ( F ) C ( F ) F,0,Train
734,CN(CCO)CCO,C N ( C C O ) C C O,0,Train
735,CCCCCCCC(=O)OC,C C C C C C C C ( = O ) O C,0,Train
736,CCCCC(CC)COC=C,C C C C C ( C C ) C O C = C,0,Train
737,C(CCOCC1CO1)COCC2CO2,C ( C C O C C 1 C O 1 ) C O C C 2 C O 2,0,Train
738,ClCCOCCOCCCl,Cl C C O C C O C C Cl,0,Train
739,CCCCCCCCCCSSCCCCCCCCCC,C C C C C C C C C C S S C C C C C C C C C C,0,Train
740,COC(C)(C)CC(C)=O,C O C ( C ) ( C ) C C ( C ) = O,0,Train
741,CN(C)C=O,C N ( C ) C = O,0,Train
742,CCC(COC(=O)C(C)=C)(COC(=O)C(C)=C)COC(=O)C(C)=C,C C C ( C O C ( = O ) C ( C ) = C ) ( C O C ( = O ) C ( C ) = C ) C O C ( = O ) C ( C ) = C,0,Train
743,CCCCCCCCCCCCCCCC(N)=O,C C C C C C C C C C C C C C C C ( N ) = O,0,Train
744,CCCCCCCCCCCCCCCC/C=C/C1CC(=O)OC1=O,C C C C C C C C C C C C C C C C / C = C / C 1 C C ( = O ) O C 1 = O,0,Train
745,CCC(COC(=O)C=C)(COC(=O)C=C)COC(=O)C=C,C C C ( C O C ( = O ) C = C ) ( C O C ( = O ) C = C ) C O C ( = O ) C = C,0,Train
746,OCC(COC(=O)C=C)(COC(=O)C=C)COC(=O)C=C,O C C ( C O C ( = O ) C = C ) ( C O C ( = O ) C = C ) C O C ( = O ) C = C,0,Train
747,CC(=C)C(=O)OC(C)(C)C,C C ( = C ) C ( = O ) O C ( C ) ( C ) C,0,Train
748,CC(C)OC(Cl)=O,C C ( C ) O C ( Cl ) = O,0,Train
749,OC(=O)C(Cl)(Cl)Cl,O C ( = O ) C ( Cl ) ( Cl ) Cl,0,Train
750,CC(C)(CO)COC(=O)C(C)(C)CO,C C ( C ) ( C O ) C O C ( = O ) C ( C ) ( C ) C O,0,Train
751,CCCCCCCCCCCCSCCC(=O)OCC(COC(=O)CCSCCCCCCCCCCCC)(COC(=O)CCSCCCCCCCCCCCC)COC(=O)CCSCCCCCCCCCCCC,C C C C C C C C C C C C S C C C ( = O ) O C C ( C O C ( = O ) C C S C C C C C C C C C C C C ) ( C O C ( = O ) C C S C C C C C C C C C C C C ) C O C ( = O ) C C S C C C C C C C C C C C C,0,Train
752,COC(=O)CC(=O)C(C)(C)C,C O C ( = O ) C C ( = O ) C ( C ) ( C ) C,0,Train
753,C[S](C)=O,C [ S ] ( C ) = O,0,Train
754,CC(C)OC(=O)OOC(C)(C)C,C C ( C ) O C ( = O ) O O C ( C ) ( C ) C,0,Train
755,CC(C)=NNC(N)=S,C C ( C ) = N N C ( N ) = S,0,Train
756,NC(=N)N[N+]([O-])=O,N C ( = N ) N [ N+ ] ( [ O- ] ) = O,0,Train
757,CNC(S)=S,C N C ( S ) = S,0,Train
758,ClCCO[P](=O)(OCCCl)OCCCl,Cl C C O [ P ] ( = O ) ( O C C Cl ) O C C Cl,0,Train
759,CCOC(=O)CC(S[P](=S)(OC)OC)C(=O)OCC,C C O C ( = O ) C C ( S [ P ] ( = S ) ( O C ) O C ) C ( = O ) O C C,0,Train
760,CCCCC(CC)CO[P](O)(=O)OCC(CC)CCCC,C C C C C ( C C ) C O [ P ] ( O ) ( = O ) O C C ( C C ) C C C C,0,Train
761,CC(C)(O)C(Cl)(Cl)Cl,C C ( C ) ( O ) C ( Cl ) ( Cl ) Cl,0,Train
762,CCC(C)=NO[Si](C)(ON=C(C)CC)ON=C(C)CC,C C C ( C ) = N O [ Si ] ( C ) ( O N = C ( C ) C C ) O N = C ( C ) C C,0,Train
763,CCO[Si](CCCN)(OCC)OCC,C C O [ Si ] ( C C C N ) ( O C C ) O C C,0,Train
764,OCC(CO)(CBr)CBr,O C C ( C O ) ( C Br ) C Br,0,Train
765,CCN(CCO)CCO,C C N ( C C O ) C C O,0,Train
766,CC(C)(C)OCCO,C C ( C ) ( C ) O C C O,0,Train
767,CC(C)C(O)C(C)(C)CO,C C ( C ) C ( O ) C ( C ) ( C ) C O,0,Train
768,CC(=O)OOC(C)(C)C,C C ( = O ) O O C ( C ) ( C ) C,0,Train
769,CCCCCCCCCCCC(=O)O[Sn](CCCC)(CCCC)CCCC,C C C C C C C C C C C C ( = O ) O [ S n ] ( C C C C ) ( C C C C ) C C C C,0,Train
770,CO[Si](CCCN=C(N(C)C)N(C)C)(OC)OC,C O [ Si ] ( C C C N = C ( N ( C ) C ) N ( C ) C ) ( O C ) O C,0,Train
771,CCC(C)(C)c1ccccc1,C C C ( C ) ( C ) c 1 c c c c c 1,0,Train
772,OC(=O)c1ccccc1Cl,O C ( = O ) c 1 c c c c c 1 Cl,0,Train
773,CCCCCCC(C)Nc1ccc(Nc2ccccc2)cc1,C C C C C C C ( C ) N c 1 c c c ( N c 2 c c c c c 2 ) c c 1,0,Train
774,Cc1ccccc1N,C c 1 c c c c c 1 N,0,Train
775,Cc1ccc(N)cc1,C c 1 c c c ( N ) c c 1,0,Train
776,CC(=O)CC(=O)Nc1ccccc1C,C C ( = O ) C C ( = O ) N c 1 c c c c c 1 C,0,Train
777,CCC(=O)Nc1ccc(Cl)c(Cl)c1,C C C ( = O ) N c 1 c c c ( Cl ) c ( Cl ) c 1,0,Train
778,CC(=O)CC(=O)Nc1ccc(C)cc1C,C C ( = O ) C C ( = O ) N c 1 c c c ( C ) c c 1 C,0,Train
779,NCCNCc1ccccc1,N C C N C c 1 c c c c c 1,0,Train
780,Nc1ccc(cc1[N+]([O-])=O)[N+]([O-])=O,N c 1 c c c ( c c 1 [ N+ ] ( [ O- ] ) = O ) [ N+ ] ( [ O- ] ) = O,0,Train
781,CCCN(CCC)c1c(cc(cc1[N+]([O-])=O)C(F)(F)F)[N+]([O-])=O,C C C N ( C C C ) c 1 c ( c c ( c c 1 [ N+ ] ( [ O- ] ) = O ) C ( F ) ( F ) F ) [ N+ ] ( [ O- ] ) = O,0,Train
782,[O-][N+](=O)c1ccccc1,[ O- ] [ N+ ] ( = O ) c 1 c c c c c 1,0,Train
783,[O-][N+](=O)c1cccc(Cl)c1Cl,[ O- ] [ N+ ] ( = O ) c 1 c c c c ( Cl ) c 1 Cl,0,Train
784,[O-][N+](=O)c1cc(Cl)ccc1Cl,[ O- ] [ N+ ] ( = O ) c 1 c c ( Cl ) c c c 1 Cl,0,Train
785,O(c1ccccc1)c2ccccc2,O ( c 1 c c c c c 1 ) c 2 c c c c c 2,0,Train
786,Nc1ccc(O)cc1,N c 1 c c c ( O ) c c 1,0,Train
787,CCOc1ccc(NC(C)=O)cc1,C C O c 1 c c c ( N C ( C ) = O ) c c 1,0,Train
788,Oc1ccc(cc1)[N+]([O-])=O,O c 1 c c c ( c c 1 ) [ N+ ] ( [ O- ] ) = O,0,Train
789,Oc1c(cc(cc1[N+]([O-])=O)[N+]([O-])=O)[N+]([O-])=O,O c 1 c ( c c ( c c 1 [ N+ ] ( [ O- ] ) = O ) [ N+ ] ( [ O- ] ) = O ) [ N+ ] ( [ O- ] ) = O,0,Train
790,Oc1cc(Cl)ccc1Cl,O c 1 c c ( Cl ) c c c 1 Cl,0,Train
791,COc1cc(NC(=O)CC(C)=O)c(OC)cc1Cl,C O c 1 c c ( N C ( = O ) C C ( C ) = O ) c ( O C ) c c 1 Cl,0,Train
792,Oc1c(Cl)cc(Cl)c(Cl)c1Cl,O c 1 c ( Cl ) c c ( Cl ) c ( Cl ) c 1 Cl,0,Train
793,CCCCCCCCCCCC(=O)Oc1c(Cl)c(Cl)c(Cl)c(Cl)c1Cl,C C C C C C C C C C C C ( = O ) O c 1 c ( Cl ) c ( Cl ) c ( Cl ) c ( Cl ) c 1 Cl,0,Train
794,Clc1ccccc1C=O,Cl c 1 c c c c c 1 C = O,0,Train
795,CC(=O)\C=C\c1ccccc1,C C ( = O ) \ C = C \ c 1 c c c c c 1,0,Train
796,CCCCCCCCCCCCCOC(=O)c1ccccc1C(=O)OCCCCCCCCCCCCC,C C C C C C C C C C C C C O C ( = O ) c 1 c c c c c 1 C ( = O ) O C C C C C C C C C C C C C,0,Train
797,CC(C)(C)c1ccc(cc1)C(O)=O,C C ( C ) ( C ) c 1 c c c ( c c 1 ) C ( O ) = O,0,Train
798,CC(C)(C)OOC(=O)c1ccccc1,C C ( C ) ( C ) O O C ( = O ) c 1 c c c c c 1,0,Train
799,OC(=O)c1cccc(c1)[N+]([O-])=O,O C ( = O ) c 1 c c c c ( c 1 ) [ N+ ] ( [ O- ] ) = O,0,Train
800,CCCCCCCCCCCCCCCCCCOC(=O)CCc1cc(c(O)c(c1)C(C)(C)C)C(C)(C)C,C C C C C C C C C C C C C C C C C C O C ( = O ) C C c 1 c c ( c ( O ) c ( c 1 ) C ( C ) ( C ) C ) C ( C ) ( C ) C,0,Train
801,N#Cc1ccccc1C#N,N # C c 1 c c c c c 1 C # N,0,Train
802,OCCN(CCO)c1cccc(NC(=O)c2ccccc2)c1,O C C N ( C C O ) c 1 c c c c ( N C ( = O ) c 2 c c c c c 2 ) c 1,0,Train
803,C1CCCCCCCCCCC1,C 1 C C C C C C C C C C C 1,0,Train
804,ClP(Cl)c1ccccc1,Cl P ( Cl ) c 1 c c c c c 1,0,Train
805,CCCCCCCCCCCCCOP(Oc1ccccc1)Oc2ccccc2,C C C C C C C C C C C C C O P ( O c 1 c c c c c 1 ) O c 2 c c c c c 2,0,Train
806,CO[P](=S)(OC)Oc1ccc(cc1)C#N,C O [ P ] ( = S ) ( O C ) O c 1 c c c ( c c 1 ) C # N,0,Train
807,COc1ccc(NC(C)=O)cc1N,C O c 1 c c c ( N C ( C ) = O ) c c 1 N,0,Train
808,Brc1cc(Br)c(Br)c(Oc2ccc(Br)c(Br)c2Br)c1,Br c 1 c c ( Br ) c ( Br ) c ( O c 2 c c c ( Br ) c ( Br ) c 2 Br ) c 1,0,Train
809,CNc1ccc(cc1)C(O)=O,C N c 1 c c c ( c c 1 ) C ( O ) = O,0,Train
810,CNC(=O)Oc1ccccc1OC(C)C,C N C ( = O ) O c 1 c c c c c 1 O C ( C ) C,0,Train
811,CCO[P](=S)(Oc1ccc(Cl)cc1Cl)c2ccccc2,C C O [ P ] ( = S ) ( O c 1 c c c ( Cl ) c c 1 Cl ) c 2 c c c c c 2,0,Train
812,CCc1ccccc1c2ccccc2CC,C C c 1 c c c c c 1 c 2 c c c c c 2 C C,0,Train
813,C1CC=CC(C1)c2ccc(cc2)C3CCC=CC3,C 1 C C = C C ( C 1 ) c 2 c c c ( c c 2 ) C 3 C C C = C C 3,0,Train
814,COc1ccc(c(O)c1)C(=O)c2ccccc2,C O c 1 c c c ( c ( O ) c 1 ) C ( = O ) c 2 c c c c c 2,0,Train
815,Nc1ccc2ccccc2c1[S](O)(=O)=O,N c 1 c c c 2 c c c c c 2 c 1 [ S ] ( O ) ( = O ) = O,0,Train
816,Nc1ccc2c(O)cc(cc2c1)[S](O)(=O)=O,N c 1 c c c 2 c ( O ) c c ( c c 2 c 1 ) [ S ] ( O ) ( = O ) = O,0,Train
817,Nc1ccc2cc(cc(O)c2c1)[S](O)(=O)=O,N c 1 c c c 2 c c ( c c ( O ) c 2 c 1 ) [ S ] ( O ) ( = O ) = O,0,Train
818,Oc1ccc(cc1)C(=O)c2ccc(O)c(O)c2O,O c 1 c c c ( c c 1 ) C ( = O ) c 2 c c c ( O ) c ( O ) c 2 O,0,Train
819,O=[S]1(=O)CCCC1,O = [ S ] 1 ( = O ) C C C C 1,0,Train
820,C1CCC(CC1)NSc2sc3ccccc3n2,C 1 C C C ( C C 1 ) N S c 2 s c 3 c c c c c 3 n 2,0,Train
821,O=C1NNC(=O)C=C1,O = C 1 N N C ( = O ) C = C 1,0,Train
822,COCN(COC)c1nc(nc(n1)N(COC)COC)N(COC)COC,C O C N ( C O C ) c 1 n c ( n c ( n 1 ) N ( C O C ) C O C ) N ( C O C ) C O C,0,Train
823,CN1CSC(=S)N(C)C1,C N 1 C S C ( = S ) N ( C ) C 1,0,Train
824,Oc1cc2ccccc2cc1C(=O)Nc3ccccc3,O c 1 c c 2 c c c c c 2 c c 1 C ( = O ) N c 3 c c c c c 3,0,Train
825,COc1cc(NC(=O)C(N=Nc2ccc(cc2Cl)c3ccc(N=NC(C(C)=O)C(=O)Nc4cc(OC)c(Cl)cc4OC)c(Cl)c3)C(C)=O)c(OC)cc1Cl,C O c 1 c c ( N C ( = O ) C ( N = N c 2 c c c ( c c 2 Cl ) c 3 c c c ( N = N C ( C ( C ) = O ) C ( = O ) N c 4 c c ( O C ) c ( Cl ) c c 4 O C ) c ( Cl ) c 3 ) C ( C ) = O ) c ( O C ) c c 1 Cl,0,Train
826,o1cccc1,o 1 c c c c 1,0,Train
827,C=CCOC1=N[S](=O)(=O)c2ccccc12,C = C C O C 1 = N [ S ] ( = O ) ( = O ) c 2 c c c c c 1 2,0,Train
828,CO[P]1(=S)OCc2ccccc2O1,C O [ P ] 1 ( = S ) O C c 2 c c c c c 2 O 1,0,Train
829,Cc1cc2N=C3C(=O)NC(=O)N=C3N(C[C@H](O)[C@H](O)[C@H](O)CO)c2cc1C,C c 1 c c 2 N = C 3 C ( = O ) N C ( = O ) N = C 3 N ( C [ C @ H ] ( O ) [ C @ H ] ( O ) [ C @ H ] ( O ) C O ) c 2 c c 1 C,0,Train
830,COc1ccccc1OCC(O)COC(N)=O,C O c 1 c c c c c 1 O C C ( O ) C O C ( N ) = O,0,Train
831,ClCCCBr,Cl C C C Br,0,Train
832,CCBr,C C Br,0,Train
833,CCCCCCCCCCCCCCCCCCNC(=O)[C@H](O)[C@@H](O)[C@H](O)[C@H](O)CO,C C C C C C C C C C C C C C C C C C N C ( = O ) [ C @ H ] ( O ) [ C @ @ H ] ( O ) [ C @ H ] ( O ) [ C @ H ] ( O ) C O,0,Train
834,CC(C)C1NC(=O)NC1=O,C C ( C ) C 1 N C ( = O ) N C 1 = O,0,Train
835,CCc1ccccc1[N+]([O-])=O,C C c 1 c c c c c 1 [ N+ ] ( [ O- ] ) = O,0,Train
836,Clc1c(Cl)c(Cl)c(c(Cl)c1Cl)c2c(Cl)c(Cl)c(Cl)c(Cl)c2Cl,Cl c 1 c ( Cl ) c ( Cl ) c ( c ( Cl ) c 1 Cl ) c 2 c ( Cl ) c ( Cl ) c ( Cl ) c ( Cl ) c 2 Cl,0,Train
837,CCCCCCC,C C C C C C C,1,Test
838,C1CO1,C 1 C O 1,1,Test
839,Cc1ccccc1,C c 1 c c c c c 1,1,Test
840,CCCCNCCCC,C C C C N C C C C,1,Test
841,CC(C)=CCCC(C)(O)C=C,C C ( C ) = C C C C ( C ) ( O ) C = C,1,Test
842,CCCCOCCOCCO,C C C C O C C O C C O,1,Test
843,CCCC=O,C C C C = O,1,Test
844,CC(=O)CC(C)(C)O,C C ( = O ) C C ( C ) ( C ) O,1,Test
845,COC(=O)CCCC(=O)OC,C O C ( = O ) C C C C ( = O ) O C,1,Test
846,CCCCC(CC)COC(=O)\C=C\C(=O)OCC(CC)CCCC,C C C C C ( C C ) C O C ( = O ) \ C = C \ C ( = O ) O C C ( C C ) C C C C,1,Test
847,CCCCCCC(O)CCCCCCCCCCC(O)=O,C C C C C C C ( O ) C C C C C C C C C C C ( O ) = O,1,Test
848,CCCCCCCCCCCCCCCCCCC#N,C C C C C C C C C C C C C C C C C C C # N,1,Test
849,ClC(Cl)c1ccccc1,Cl C ( Cl ) c 1 c c c c c 1,1,Test
850,COc1ccccc1O,C O c 1 c c c c c 1 O,1,Test
851,OCc1ccccc1,O C c 1 c c c c c 1,1,Test
852,COc1ccc(C=O)cc1OC,C O c 1 c c c ( C = O ) c c 1 O C,1,Test
853,Cc1ccc(cc1)C(O)=O,C c 1 c c c ( c c 1 ) C ( O ) = O,1,Test
854,Cc1cccc(c1)C(O)=O,C c 1 c c c c ( c 1 ) C ( O ) = O,1,Test
855,OCCOC(=O)c1ccc(cc1)C(=O)OCCO,O C C O C ( = O ) c 1 c c c ( c c 1 ) C ( = O ) O C C O,1,Test
856,Oc1ccc(cc1)C#N,O c 1 c c c ( c c 1 ) C # N,1,Test
857,Cc1ccc(cc1)[S](O)(=O)=O,C c 1 c c c ( c c 1 ) [ S ] ( O ) ( = O ) = O,1,Test
858,COc1ccc(C=O)cc1,C O c 1 c c c ( C = O ) c c 1,1,Test
859,CCCCCC1C(CCC1=O)CC(=O)OC,C C C C C C 1 C ( C C C 1 = O ) C C ( = O ) O C,1,Test
860,[nH]1ccnc1,[ n H ] 1 c c n c 1,1,Test
861,Oc1cccnc1,O c 1 c c c n c 1,1,Test
862,CCCCC=C,C C C C C = C,1,Test
863,CC(C)Br,C C ( C ) Br,1,Test
864,CCCCN,C C C C N,1,Test
865,CCCCCCCCCCCCCCCCO,C C C C C C C C C C C C C C C C O,1,Test
866,COCCO,C O C C O,1,Test
867,CCCOC(C)=O,C C C O C ( C ) = O,1,Test
868,CCCCCCCC\C=C/CCCCCCCCCCCC(N)=O,C C C C C C C C \ C = C / C C C C C C C C C C C C ( N ) = O,1,Test
869,OC(=O)CCCCC(O)=O,O C ( = O ) C C C C C ( O ) = O,1,Test
870,COCCOC(=O)C=C,C O C C O C ( = O ) C = C,1,Test
871,CC(O)COC(=O)C(C)=C,C C ( O ) C O C ( = O ) C ( C ) = C,1,Test
872,C/C=C/C=C/C(O)=O,C / C = C / C = C / C ( O ) = O,1,Test
873,OC(=O)CC(=C)C(O)=O,O C ( = O ) C C ( = C ) C ( O ) = O,1,Test
874,CCCCOC(=O)CC(C)=O,C C C C O C ( = O ) C C ( C ) = O,1,Test
875,Nc1ccccc1,N c 1 c c c c c 1,1,Test
876,CC(=C)C(=O)OCc1ccccc1,C C ( = C ) C ( = O ) O C c 1 c c c c c 1,1,Test
877,OCCc1ccccc1,O C C c 1 c c c c c 1,1,Test
878,C1OC1c2ccccc2,C 1 O C 1 c 2 c c c c c 2,1,Test
879,OC(=O)CNC(=O)c1ccccc1,O C ( = O ) C N C ( = O ) c 1 c c c c c 1,1,Test
880,CNc1ccccc1C(O)=O,C N c 1 c c c c c 1 C ( O ) = O,1,Test
881,CC1=CCC(CC1)C(C)(C)O,C C 1 = C C C ( C C 1 ) C ( C ) ( C ) O,1,Test
882,CCC(=O)c1ccccc1,C C C ( = O ) c 1 c c c c c 1,1,Test
883,CC(=O)C1C(=O)OC(=CC1=O)C,C C ( = O ) C 1 C ( = O ) O C ( = C C 1 = O ) C,1,Test
884,OC[C@@H](O)[C@H](O)[C@@H](O)CO,O C [ C @ @ H ] ( O ) [ C @ H ] ( O ) [ C @ @ H ] ( O ) C O,1,Test
885,OC(c1ccccc1)C(=O)c2ccccc2,O C ( c 1 c c c c c 1 ) C ( = O ) c 2 c c c c c 2,1,Test
886,NCCC(O)=O,N C C C ( O ) = O,1,Test
887,CCCCCCCCCl,C C C C C C C C Cl,1,Test
888,CCOCCO,C C O C C O,1,Test
889,CCCCCCCC\C=C/CCCCCCCC(O)=O,C C C C C C C C \ C = C / C C C C C C C C ( O ) = O,1,Test
890,CCCCCCCCCCCC(=O)OC,C C C C C C C C C C C C ( = O ) O C,1,Test
891,OC(=O)CCC(O)=O,O C ( = O ) C C C ( O ) = O,1,Test
892,OCCOC(=O)C=C,O C C O C ( = O ) C = C,1,Test
893,OC(=O)CC(O)(CC(O)=O)C(O)=O,O C ( = O ) C C ( O ) ( C C ( O ) = O ) C ( O ) = O,1,Test
894,OC(C(O)C(O)=O)C(O)=O,O C ( C ( O ) C ( O ) = O ) C ( O ) = O,1,Test
895,CCC(C)O,C C C ( C ) O,1,Test
896,OC(=O)c1ccc(cc1)C(O)=O,O C ( = O ) c 1 c c c ( c c 1 ) C ( O ) = O,1,Test
897,N#CCc1ccccc1,N # C C c 1 c c c c c 1,1,Test
898,CC(=C)C1CCC(=CC1)C,C C ( = C ) C 1 C C C ( = C C 1 ) C,1,Test
899,CC(=C)C(=O)OC1CCCCC1,C C ( = C ) C ( = O ) O C 1 C C C C C 1,1,Test
900,CNCCO,C N C C O,1,Test
901,CC(O)CNCC(C)O,C C ( O ) C N C C ( C ) O,1,Test
902,COCCOCCOCCO,C O C C O C C O C C O,1,Test
903,OC(=O)CCl,O C ( = O ) C Cl,1,Test
904,CCCCCCCCOC(=O)c1ccccc1C(=O)OCCCCCCCC,C C C C C C C C O C ( = O ) c 1 c c c c c 1 C ( = O ) O C C C C C C C C,1,Test
905,O=C(OC1CCCCC1)c2ccccc2C(=O)OC3CCCCC3,O = C ( O C 1 C C C C C 1 ) c 2 c c c c c 2 C ( = O ) O C 3 C C C C C 3,1,Test
906,Oc1ccc2ccccc2c1,O c 1 c c c 2 c c c c c 2 c 1,1,Test
907,c1ccncc1,c 1 c c n c c 1,1,Test
908,CCCCCCCCCCCC(=O)OCC(O)C1OCC(O)C1O,C C C C C C C C C C C C ( = O ) O C C ( O ) C 1 O C C ( O ) C 1 O,1,Test
909,FC(F)(F)C1(F)C(F)(F)C(F)(F)C(F)(F)C(F)(F)C1(F)C(F)(F)F,F C ( F ) ( F ) C 1 ( F ) C ( F ) ( F ) C ( F ) ( F ) C ( F ) ( F ) C ( F ) ( F ) C 1 ( F ) C ( F ) ( F ) F,0,Test
910,ClC1=C(Cl)[C@@]2(Cl)[C@H]3[C@H]4C[C@H]([C@@H]5O[C@H]45)[C@H]3[C@]1(Cl)C2(Cl)Cl,Cl C 1 = C ( Cl ) [ C @ @ ] 2 ( Cl ) [ C @ H ] 3 [ C @ H ] 4 C [ C @ H ] ( [ C @ @ H ] 5 O [ C @ H ] 4 5 ) [ C @ H ] 3 [ C @ ] 1 ( Cl ) C 2 ( Cl ) Cl,0,Test
911,Clc1ccc(cc1)C(c2ccc(Cl)cc2)C(Cl)(Cl)Cl,Cl c 1 c c c ( c c 1 ) C ( c 2 c c c ( Cl ) c c 2 ) C ( Cl ) ( Cl ) Cl,0,Test
912,CC(C)(C)c1cc(n2nc3ccccc3n2)c(O)c(c1)C(C)(C)C,C C ( C ) ( C ) c 1 c c ( n 2 n c 3 c c c c c 3 n 2 ) c ( O ) c ( c 1 ) C ( C ) ( C ) C,0,Test
913,CC(C)(C)c1cc(n2nc3ccc(Cl)cc3n2)c(O)c(c1)C(C)(C)C,C C ( C ) ( C ) c 1 c c ( n 2 n c 3 c c c ( Cl ) c c 3 n 2 ) c ( O ) c ( c 1 ) C ( C ) ( C ) C,0,Test
914,ClC1C=CC2C1C3(Cl)C(=C(Cl)C2(Cl)C3(Cl)Cl)Cl,Cl C 1 C = C C 2 C 1 C 3 ( Cl ) C ( = C ( Cl ) C 2 ( Cl ) C 3 ( Cl ) Cl ) Cl,0,Test
915,ClC1C(Cl)C(Cl)C(Cl)C(Cl)C1Cl,Cl C 1 C ( Cl ) C ( Cl ) C ( Cl ) C ( Cl ) C 1 Cl,0,Test
916,[O-][N+](=O)C(Cl)(Cl)Cl,[ O- ] [ N+ ] ( = O ) C ( Cl ) ( Cl ) Cl,0,Test
917,CN(C)CCOCCN(C)C,C N ( C ) C C O C C N ( C ) C,0,Test
918,CNC(=O)NC,C N C ( = O ) N C,0,Test
919,NC(=O)C(Br)(Br)C#N,N C ( = O ) C ( Br ) ( Br ) C # N,0,Test
920,Nc1ccc(cc1Cl)[N+]([O-])=O,N c 1 c c c ( c c 1 Cl ) [ N+ ] ( [ O- ] ) = O,0,Test
921,COc1cc(ccc1N)[N+]([O-])=O,C O c 1 c c ( c c c 1 N ) [ N+ ] ( [ O- ] ) = O,0,Test
922,COc1ccc(OC)c(Cl)c1,C O c 1 c c c ( O C ) c ( Cl ) c 1,0,Test
923,CSc1ccc(O)cc1C,C S c 1 c c c ( O ) c c 1 C,0,Test
924,Nc1ccc(cc1C#N)[N+]([O-])=O,N c 1 c c c ( c c 1 C # N ) [ N+ ] ( [ O- ] ) = O,0,Test
925,Fc1ccccc1F,F c 1 c c c c c 1 F,0,Test
926,C1OC1CN(CC2CO2)c3ccc(Cc4ccc(cc4)N(CC5CO5)CC6CO6)cc3,C 1 O C 1 C N ( C C 2 C O 2 ) c 3 c c c ( C c 4 c c c ( c c 4 ) N ( C C 5 C O 5 ) C C 6 C O 6 ) c c 3,0,Test
927,O=C1N(CC2CO2)C(=O)N(CC3CO3)C(=O)N1CC4CO4,O = C 1 N ( C C 2 C O 2 ) C ( = O ) N ( C C 3 C O 3 ) C ( = O ) N 1 C C 4 C O 4,0,Test
928,COc1c2occc2cc3C=CC(=O)Oc13,C O c 1 c 2 o c c c 2 c c 3 C = C C ( = O ) O c 1 3,0,Test
929,CC1=CCC2C(C1)C(=O)OC2=O,C C 1 = C C C 2 C ( C 1 ) C ( = O ) O C 2 = O,0,Test
930,OCC(F)(F)C(F)(F)C(F)(F)C(F)(F)C(F)(F)C(F)(F)C(F)(F)C(F)(F)C(F)(F)C(F)F,O C C ( F ) ( F ) C ( F ) ( F ) C ( F ) ( F ) C ( F ) ( F ) C ( F ) ( F ) C ( F ) ( F ) C ( F ) ( F ) C ( F ) ( F ) C ( F ) ( F ) C ( F ) F,0,Test
931,CCCCC(CC)CO[P](O)(=O)CC(CC)CCCC,C C C C C ( C C ) C O [ P ] ( O ) ( = O ) C C ( C C ) C C C C,0,Test
932,CCCC[Sn](=O)CCCC,C C C C [ S n ] ( = O ) C C C C,0,Test
933,Cc1cc(C)cc(C)c1,C c 1 c c ( C ) c c ( C ) c 1,0,Test
934,ClCCc1ccccc1,Cl C C c 1 c c c c c 1,0,Test
935,Cc1ccccc1Cl,C c 1 c c c c c 1 Cl,0,Test
936,Cc1ccc(Cl)cc1,C c 1 c c c ( Cl ) c c 1,0,Test
937,CC(=C)c1ccc(Cl)cc1,C C ( = C ) c 1 c c c ( Cl ) c c 1,0,Test
938,CCN(CC)c1ccccc1,C C N ( C C ) c 1 c c c c c 1,0,Test
939,Nc1ccc(Cl)c(Cl)c1,N c 1 c c c ( Cl ) c ( Cl ) c 1,0,Test
940,Nc1c(Cl)cc(Cl)cc1Cl,N c 1 c ( Cl ) c c ( Cl ) c c 1 Cl,0,Test
941,O=NN(c1ccccc1)c2ccccc2,O = N N ( c 1 c c c c c 1 ) c 2 c c c c c 2,0,Test
942,CCCCCCCCCc1cccc(O)c1CCCCCCCCC,C C C C C C C C C c 1 c c c c ( O ) c 1 C C C C C C C C C,0,Test
943,Oc1ccc(cc1[N+]([O-])=O)[N+]([O-])=O,O c 1 c c c ( c c 1 [ N+ ] ( [ O- ] ) = O ) [ N+ ] ( [ O- ] ) = O,0,Test
944,Cc1cc(Cl)ccc1O,C c 1 c c ( Cl ) c c c 1 O,0,Test
945,Oc1cc(Cl)c(Cl)cc1Cl,O c 1 c c ( Cl ) c ( Cl ) c c 1 Cl,0,Test
946,Oc1cc(Cl)c(Br)cc1Cl,O c 1 c c ( Cl ) c ( Br ) c c 1 Cl,0,Test
947,BrC(Br)c1ccccc1OCC2CO2,Br C ( Br ) c 1 c c c c c 1 O C C 2 C O 2,0,Test
948,O=C(O\N=C1\C=C\C(C=C1)=N/OC(=O)c2ccccc2)c3ccccc3,O = C ( O \ N = C 1 \ C = C \ C ( C = C 1 ) = N / O C ( = O ) c 2 c c c c c 2 ) c 3 c c c c c 3,0,Test
949,CC(C)(OOC(C)(C)c1ccccc1)c2ccccc2,C C ( C ) ( O O C ( C ) ( C ) c 1 c c c c c 1 ) c 2 c c c c c 2,0,Test
950,C=CC1CCC=CC1,C = C C 1 C C C = C C 1,0,Test
951,CC(C)C1CCC(C)CC1O,C C ( C ) C 1 C C C ( C ) C C 1 O,0,Test
952,Cc1cc(C)cc(O[P](=O)(Oc2cc(C)cc(C)c2)Oc3cc(C)cc(C)c3)c1,C c 1 c c ( C ) c c ( O [ P ] ( = O ) ( O c 2 c c ( C ) c c ( C ) c 2 ) O c 3 c c ( C ) c c ( C ) c 3 ) c 1,0,Test
953,CC(c1ccccc1)c2cc(C)ccc2C,C C ( c 1 c c c c c 1 ) c 2 c c ( C ) c c c 2 C,0,Test
954,CC(C)(c1ccccc1)c2ccc(O)cc2,C C ( C ) ( c 1 c c c c c 1 ) c 2 c c c ( O ) c c 2,0,Test
955,Clc1cccc2ccccc12,Cl c 1 c c c c 2 c c c c c 1 2,0,Test
956,COc1cccc2ccccc12,C O c 1 c c c c 2 c c c c c 1 2,0,Test
957,CC(C)(C)c1ccc2C(=O)c3ccccc3C(=O)c2c1,C C ( C ) ( C ) c 1 c c c 2 C ( = O ) c 3 c c c c c 3 C ( = O ) c 2 c 1,0,Test
958,Clc1ccc2C(=O)c3ccccc3C(=O)c2c1,Cl c 1 c c c 2 C ( = O ) c 3 c c c c c 3 C ( = O ) c 2 c 1,0,Test
959,Sc1ccc2ccccc2c1,S c 1 c c c 2 c c c c c 2 c 1,0,Test
960,[nH]1c2ccccc2c3ccccc13,[ n H ] 1 c 2 c c c c c 2 c 3 c c c c c 1 3,0,Test
961,ClCCOC(c1ccccc1)c2ccccc2,Cl C C O C ( c 1 c c c c c 1 ) c 2 c c c c c 2,0,Test
962,Oc1cc(Cl)ccc1Oc2ccc(Cl)cc2Cl,O c 1 c c ( Cl ) c c c 1 O c 2 c c c ( Cl ) c c 2 Cl,0,Test
963,CC(CCl)OC(C)CCl,C C ( C Cl ) O C ( C ) C Cl,0,Test
964,Nc1ccc(cc1)[N](=O)=O,N c 1 c c c ( c c 1 ) [ N ] ( = O ) = O,0,Test
965,CCN(CC)C(=O)c1cccc(C)c1,C C N ( C C ) C ( = O ) c 1 c c c c ( C ) c 1,0,Test
966,O=C1c2ccccc2c3cccc4cccc1c34,O = C 1 c 2 c c c c c 2 c 3 c c c c 4 c c c c 1 c 3 4,0,Test
967,O=C1CCCCCCCCCCCN1,O = C 1 C C C C C C C C C C C N 1,0,Test
968,s1cnc2ccccc12,s 1 c n c 2 c c c c c 1 2,0,Test
969,CC(Cl)CCl,C C ( Cl ) C Cl,0,Test
970,OCCC(F)(F)C(F)(F)C(F)(F)C(F)(F)C(F)(F)C(F)(F)C(F)(F)C(F)(F)F,O C C C ( F ) ( F ) C ( F ) ( F ) C ( F ) ( F ) C ( F ) ( F ) C ( F ) ( F ) C ( F ) ( F ) C ( F ) ( F ) C ( F ) ( F ) F,0,Test
971,CN(C)[S](=O)(=O)N(SC(F)(Cl)Cl)c1ccccc1,C N ( C ) [ S ] ( = O ) ( = O ) N ( S C ( F ) ( Cl ) Cl ) c 1 c c c c c 1,0,Test
972,c1cc2cccc3C=Cc(c1)c23,c 1 c c 2 c c c c 3 C = C c ( c 1 ) c 2 3,0,Test
973,ClC(c1ccccc1)(c2ccccc2)c3ccccc3,Cl C ( c 1 c c c c c 1 ) ( c 2 c c c c c 2 ) c 3 c c c c c 3,0,Test
974,OCCN(CCO)CCO,O C C N ( C C O ) C C O,0,Test
975,CCOC(N)=O,C C O C ( N ) = O,0,Test
976,CNC(=O)CS[P](=S)(OC)OC,C N C ( = O ) C S [ P ] ( = S ) ( O C ) O C,0,Test
977,CCCCCCCCc1ccccc1Nc2ccccc2CCCCCCCC,C C C C C C C C c 1 c c c c c 1 N c 2 c c c c c 2 C C C C C C C C,0,Test
978,CCCCCCCCc1ccc(Nc2ccc(CCCCCCCC)cc2)cc1,C C C C C C C C c 1 c c c ( N c 2 c c c ( C C C C C C C C ) c c 2 ) c c 1,0,Test
979,Cc1ccccc1[S](N)(=O)=O,C c 1 c c c c c 1 [ S ] ( N ) ( = O ) = O,0,Test
980,CC(C)c1ccc(O[P](=O)(Oc2ccc(cc2)C(C)C)Oc3ccc(cc3)C(C)C)cc1,C C ( C ) c 1 c c c ( O [ P ] ( = O ) ( O c 2 c c c ( c c 2 ) C ( C ) C ) O c 3 c c c ( c c 3 ) C ( C ) C ) c c 1,0,Test
981,N[S](=O)(=O)c1ccccc1,N [ S ] ( = O ) ( = O ) c 1 c c c c c 1,0,Test
982,CC1=CC2CC1C3C2C(=O)OC3=O,C C 1 = C C 2 C C 1 C 3 C 2 C ( = O ) O C 3 = O,0,Test
983,CC1=NN(C(=O)C1)c2cc(Cl)c(cc2Cl)[S](O)(=O)=O,C C 1 = N N ( C ( = O ) C 1 ) c 2 c c ( Cl ) c ( c c 2 Cl ) [ S ] ( O ) ( = O ) = O,0,Test
984,S=C1NCCN1,S = C 1 N C C N 1,0,Test
985,OC(=O)c1ccc(nc1)C(O)=O,O C ( = O ) c 1 c c c ( n c 1 ) C ( O ) = O,0,Test
986,C1COCCN1,C 1 C O C C N 1,0,Test
987,OCCN1C(=O)N(CCO)C(=O)N(CCO)C1=O,O C C N 1 C ( = O ) N ( C C O ) C ( = O ) N ( C C O ) C 1 = O,0,Test
988,[O-][N+](=O)c1cc(ccc1Nc2ccccc2)[S](=O)(=O)Nc3ccccc3,[ O- ] [ N+ ] ( = O ) c 1 c c ( c c c 1 N c 2 c c c c c 2 ) [ S ] ( = O ) ( = O ) N c 3 c c c c c 3,0,Test
989,CC(C)C1=NC(=O)C=C(C)N1,C C ( C ) C 1 = N C ( = O ) C = C ( C ) N 1,0,Test
990,ClCC=CCl,Cl C C = C Cl,0,Test
991,COCCCN,C O C C C N,0,Test
992,CN(C)C(=O)C=C,C N ( C ) C ( = O ) C = C,0,Test
993,N#CCCNCCC#N,N # C C C N C C C # N,0,Test
994,CN(C)C(=S)SSC(=S)N(C)C,C N ( C ) C ( = S ) S S C ( = S ) N ( C ) C,0,Test
995,ClCC(CCl)O[P](=O)(OC(CCl)CCl)OC(CCl)CCl,Cl C C ( C Cl ) O [ P ] ( = O ) ( O C ( C Cl ) C Cl ) O C ( C Cl ) C Cl,0,Test
996,CC1(CCl)CO1,C C 1 ( C Cl ) C O 1,0,Test
997,CC(O)CN(CCN(CC(C)O)CC(C)O)CC(C)O,C C ( O ) C N ( C C N ( C C ( C ) O ) C C ( C ) O ) C C ( C ) O,0,Test
998,CNc1ccccc1,C N c 1 c c c c c 1,0,Test
999,CN(C(C)=O)c1ccccc1,C N ( C ( C ) = O ) c 1 c c c c c 1,0,Test
1000,N(c1ccccc1)c2ccc(Nc3ccccc3)cc2,N ( c 1 c c c c c 1 ) c 2 c c c ( N c 3 c c c c c 3 ) c c 2,0,Test
1001,CN(C)Cc1ccccc1,C N ( C ) C c 1 c c c c c 1,0,Test
1002,Cc1c(c(C)c(c(c1[N+]([O-])=O)C(C)(C)C)[N+]([O-])=O)[N+]([O-])=O,C c 1 c ( c ( C ) c ( c ( c 1 [ N+ ] ( [ O- ] ) = O ) C ( C ) ( C ) C ) [ N+ ] ( [ O- ] ) = O ) [ N+ ] ( [ O- ] ) = O,0,Test
1003,Cc1ccc(c(O)c1)C(C)(C)C,C c 1 c c c ( c ( O ) c 1 ) C ( C ) ( C ) C,0,Test
1004,[O-][N+](=O)c1ccc(Oc2ccc(Cl)cc2Cl)cc1,[ O- ] [ N+ ] ( = O ) c 1 c c c ( O c 2 c c c ( Cl ) c c 2 Cl ) c c 1,0,Test
1005,COc1cccc(c1)[N+]([O-])=O,C O c 1 c c c c ( c 1 ) [ N+ ] ( [ O- ] ) = O,0,Test
1006,COc1ccc(N)c(c1)[N+]([O-])=O,C O c 1 c c c ( N ) c ( c 1 ) [ N+ ] ( [ O- ] ) = O,0,Test
1007,Oc1ccc(Cl)cc1,O c 1 c c c ( Cl ) c c 1,0,Test
1008,CC(C)(C)OOC(C)(C)c1ccc(cc1)C(C)(C)OOC(C)(C)C,C C ( C ) ( C ) O O C ( C ) ( C ) c 1 c c c ( c c 1 ) C ( C ) ( C ) O O C ( C ) ( C ) C,0,Test
1009,CC1(C)C2CCC(C)(OO)C1C2,C C 1 ( C ) C 2 C C C ( C ) ( O O ) C 1 C 2,0,Test
1010,CC1CC(=O)CC(C)(C)C1,C C 1 C C ( = O ) C C ( C ) ( C ) C 1,0,Test
1011,c1ccc(cc1)c2ccc(cc2)c3ccccc3,c 1 c c c ( c c 1 ) c 2 c c c ( c c 2 ) c 3 c c c c c 3,0,Test
1012,Cc1cccc2ccccc12,C c 1 c c c c 2 c c c c c 1 2,0,Test
1013,Oc1ccc(Cc2ccc(O)cc2)cc1,O c 1 c c c ( C c 2 c c c ( O ) c c 2 ) c c 1,0,Test
1014,CCN(CC)c1ccc(c(O)c1)C(=O)c2ccccc2C(O)=O,C C N ( C C ) c 1 c c c ( c ( O ) c 1 ) C ( = O ) c 2 c c c c c 2 C ( O ) = O,0,Test
1015,CC(C)COc1ccc2ccccc2c1,C C ( C ) C O c 1 c c c 2 c c c c c 2 c 1,0,Test
1016,Nc1ccc2c(cccc2[S](O)(=O)=O)c1[S](O)(=O)=O,N c 1 c c c 2 c ( c c c c 2 [ S ] ( O ) ( = O ) = O ) c 1 [ S ] ( O ) ( = O ) = O,0,Test
1017,C1CCC2CCCCC2C1,C 1 C C C 2 C C C C C 2 C 1,0,Test
1018,OCC1CC23CCC1(CC2)CC3CO,O C C 1 C C 2 3 C C C 1 ( C C 2 ) C C 3 C O,0,Test
1019,c1ccc2cc3ccccc3cc2c1,c 1 c c c 2 c c 3 c c c c c 3 c c 2 c 1,0,Test
1020,Nc1ccc2C(=O)c3ccccc3C(=O)c2c1,N c 1 c c c 2 C ( = O ) c 3 c c c c c 3 C ( = O ) c 2 c 1,0,Test
1021,CC(C)Nc1ccc(NC(C)C)c2C(=O)c3ccccc3C(=O)c12,C C ( C ) N c 1 c c c ( N C ( C ) C ) c 2 C ( = O ) c 3 c c c c c 3 C ( = O ) c 1 2,0,Test
1022,[nH]1nc2ccccc2n1,[ n H ] 1 n c 2 c c c c c 2 n 1,0,Test
1023,O=C1NC(=O)C(N1)(c2ccccc2)c3ccccc3,O = C 1 N C ( = O ) C ( N 1 ) ( c 2 c c c c c 2 ) c 3 c c c c c 3,0,Test
1024,CC(N)=S,C C ( N ) = S,0,Test
1025,BrC(Br)C(Br)Br,Br C ( Br ) C ( Br ) Br,0,Test
1026,FC(F)(F)C(Cl)Cl,F C ( F ) ( F ) C ( Cl ) Cl,0,Test
1027,ClCC(Cl)C=C,Cl C C ( Cl ) C = C,0,Test
1028,FC(F)(F)C(F)(F)C(F)(F)C(F)(F)N(C(F)(F)C(F)(F)C(F)(F)C(F)(F)F)C(F)(F)C(F)(F)C(F)(F)C(F)(F)F,F C ( F ) ( F ) C ( F ) ( F ) C ( F ) ( F ) C ( F ) ( F ) N ( C ( F ) ( F ) C ( F ) ( F ) C ( F ) ( F ) C ( F ) ( F ) F ) C ( F ) ( F ) C ( F ) ( F ) C ( F ) ( F ) C ( F ) ( F ) F,0,Test
1029,ClCCOCCCl,Cl C C O C C Cl,0,Test
1030,CC(C)OCCO,C C ( C ) O C C O,0,Test
1031,CC(CC=O)CC(C)(C)C,C C ( C C = O ) C C ( C ) ( C ) C,0,Test
1032,ClC(Cl)(Cl)C=O,Cl C ( Cl ) ( Cl ) C = O,0,Test
1033,CCCCCCCCCCCCCCCCCCCCCC(N)=O,C C C C C C C C C C C C C C C C C C C C C C ( N ) = O,0,Test
1034,CO[PH](=O)OC,C O [ P H ] ( = O ) O C,0,Test
1035,CCCCCO[P](=O)(OCCCCC)OCCCCC,C C C C C O [ P ] ( = O ) ( O C C C C C ) O C C C C C,0,Test
1036,OC(=O)C(F)(F)C(F)(F)C(F)(F)C(F)(F)C(F)(F)C(F)(F)C(F)(F)F,O C ( = O ) C ( F ) ( F ) C ( F ) ( F ) C ( F ) ( F ) C ( F ) ( F ) C ( F ) ( F ) C ( F ) ( F ) C ( F ) ( F ) F,0,Test
1037,Cc1ccc(C)c(C)c1,C c 1 c c c ( C ) c ( C ) c 1,0,Test
1038,Cc1c(Br)c(Br)c(Br)c(Br)c1Br,C c 1 c ( Br ) c ( Br ) c ( Br ) c ( Br ) c 1 Br,0,Test
1039,Nc1ccc(N)cc1,N c 1 c c c ( N ) c c 1,0,Test
1040,CC(=O)Nc1ccc(N)cc1,C C ( = O ) N c 1 c c c ( N ) c c 1,0,Test
1041,Cc1cccc(c1O)C(C)(C)C,C c 1 c c c c ( c 1 O ) C ( C ) ( C ) C,0,Test
1042,Cc1cc(C)c(O)c(C)c1,C c 1 c c ( C ) c ( O ) c ( C ) c 1,0,Test
1043,Cc1cc(C)c(O)c(c1)C(C)(C)C,C c 1 c c ( C ) c ( O ) c ( c 1 ) C ( C ) ( C ) C,0,Test
1044,Cc1ccc(Cl)c(O)c1,C c 1 c c c ( Cl ) c ( O ) c 1,0,Test
1045,CSc1ccc(O)cc1,C S c 1 c c c ( O ) c c 1,0,Test
1046,CC(Cc1ccc(cc1)C(C)(C)C)C=O,C C ( C c 1 c c c ( c c 1 ) C ( C ) ( C ) C ) C = O,0,Test
1047,Cc1cc(cc(c1O)[N+]([O-])=O)[N+]([O-])=O,C c 1 c c ( c c ( c 1 O ) [ N+ ] ( [ O- ] ) = O ) [ N+ ] ( [ O- ] ) = O,0,Test
1048,CCO[P](=S)(OCC)O\N=C(/C#N)c1ccccc1,C C O [ P ] ( = S ) ( O C C ) O \ N = C ( / C # N ) c 1 c c c c c 1,0,Test
1049,COC(=O)c1ccc2cc(ccc2c1)C(=O)OC,C O C ( = O ) c 1 c c c 2 c c ( c c c 2 c 1 ) C ( = O ) O C,0,Test
1050,CC1(C)CC(=O)CC(C)(C)N1,C C 1 ( C ) C C ( = O ) C C ( C ) ( C ) N 1,0,Test
1051,C=CC(=O)OCCN1C(=O)N(CCOC(=O)C=C)C(=O)N(CCOC(=O)C=C)C1=O,C = C C ( = O ) O C C N 1 C ( = O ) N ( C C O C ( = O ) C = C ) C ( = O ) N ( C C O C ( = O ) C = C ) C 1 = O,0,Test
1052,O=C(OCCN(CCC#N)c1ccc(cc1)N=Nc2ccc(cc2)[N](=O)=O)c3ccccc3,O = C ( O C C N ( C C C # N ) c 1 c c c ( c c 1 ) N = N c 2 c c c ( c c 2 ) [ N ] ( = O ) = O ) c 3 c c c c c 3,0,Test
1053,Clc1cccc2C3=NC4=NC(=Nc5n6[Cu]N3C(=NC7=NC(=Nc6c8ccccc58)c9ccccc79)c12)c%10ccccc4%10,Cl c 1 c c c c 2 C 3 = N C 4 = N C ( = N c 5 n 6 [ C u ] N 3 C ( = N C 7 = N C ( = N c 6 c 8 c c c c c 5 8 ) c 9 c c c c c 7 9 ) c 1 2 ) c % 1 0 c c c c c 4 % 1 0,0,Test
1054,Clc1ccccc1c2ccccc2Cl,Cl c 1 c c c c c 1 c 2 c c c c c 2 Cl,0,Test
