,Smiles,processed_smiles,Class,SpMax_L
0,O=C1c2c(cccc2C(=O)c2c1cccc2)Nc1ccc(cc1)S(=O)(=O)c1ccccc1,O = C 1 c 2 c ( c c c c 2 C ( = O ) c 2 c 1 c c c c 2 ) N c 1 c c c ( c c 1 ) S ( = O ) ( = O ) c 1 c c c c c 1,0,5.51
1,Clc1ccc(c2c1C(=O)/C(=C\1/Sc3c(C1=O)c(Cl)ccc3Cl)/S2)Cl,Cl c 1 c c c ( c 2 c 1 C ( = O ) / C ( = C \ 1 / S c 3 c ( C 1 = O ) c ( Cl ) c c c 3 Cl ) / S 2 ) Cl,0,5.2
2,COC(=O)Nc1ccc(cc1)N=Nc1ccc(cc1C)N=Nc1ccc(cc1)O,C O C ( = O ) N c 1 c c c ( c c 1 ) N = N c 1 c c c ( c c 1 C ) N = N c 1 c c c ( c c 1 ) O,0,4.88
3,O1CC1COc1ccc(cc1)C(C(c1ccc(cc1)OCC1OC1)c1ccc(cc1)OCC1OC1)c1ccc(cc1)OCC1OC1,O 1 C C 1 C O c 1 c c c ( c c 1 ) C ( C ( c 1 c c c ( c c 1 ) O C C 1 O C 1 ) c 1 c c c ( c c 1 ) O C C 1 O C 1 ) c 1 c c c ( c c 1 ) O C C 1 O C 1,0,5.275
4,C[SiH](O[Si](O[Si](O[SiH](C)C)(C)C)(C)C)C,C [ Si H ] ( O [ Si ] ( O [ Si ] ( O [ Si H ] ( C ) C ) ( C ) C ) ( C ) C ) C,0,5.393
5,CC(C#CC(OOC(C)(C)C)(C)C)(OOC(C)(C)C)C,C C ( C # C C ( O O C ( C ) ( C ) C ) ( C ) C ) ( O O C ( C ) ( C ) C ) C,0,5.283
6,Oc1ccc(c2c1C(=O)c1c(C2=O)cccc1)Nc1ccc(cc1)OS(=O)(=O)C,O c 1 c c c ( c 2 c 1 C ( = O ) c 1 c ( C 2 = O ) c c c c 1 ) N c 1 c c c ( c c 1 ) O S ( = O ) ( = O ) C,0,5.401
7,Fc1ccc(cc1)C(c1ccc(cc1)F)CCCN1CCC(CC1)n1c(=O)[nH]c2c1cccc2,F c 1 c c c ( c c 1 ) C ( c 1 c c c ( c c 1 ) F ) C C C N 1 C C C ( C C 1 ) n 1 c ( = O ) [ n H ] c 2 c 1 c c c c 2,0,5.122
8,CC(=O)Nc1ccc(cc1)NC(=O)c1cc2ccccc2c(c1O)N=Nc1cc(ccc1Cl)C(=O)N,C C ( = O ) N c 1 c c c ( c c 1 ) N C ( = O ) c 1 c c 2 c c c c c 2 c ( c 1 O ) N = N c 1 c c ( c c c 1 Cl ) C ( = O ) N,0,5.242
9,CCOc1cc(N=Nc2c(Br)cc(cc2N(=O)=O)N(=O)=O)c(c(c1)N(CCOC(=O)C)CCOC(=O)C)NC(=O)C,C C O c 1 c c ( N = N c 2 c ( Br ) c c ( c c 2 N ( = O ) = O ) N ( = O ) = O ) c ( c ( c 1 ) N ( C C O C ( = O ) C ) C C O C ( = O ) C ) N C ( = O ) C,0,5.171
10,Cc1cc(C)c(cc1C)C,C c 1 c c ( C ) c ( c c 1 C ) C,0,4.935
11,Clc1cc2S/C(=C/3\Sc4c(C3=O)c(C)cc(c4)Cl)/C(=O)c2c(c1)C,Cl c 1 c c 2 S / C ( = C / 3 \ S c 4 c ( C 3 = O ) c ( C ) c c ( c 4 ) Cl ) / C ( = O ) c 2 c ( c 1 ) C,0,5.186
12,Cc1cc(Cl)c(c2c1S/C(=C\1/Sc3c(C1=O)c(C)c(cc3C)Cl)/C2=O)C,C c 1 c c ( Cl ) c ( c 2 c 1 S / C ( = C \ 1 / S c 3 c ( C 1 = O ) c ( C ) c ( c c 3 C ) Cl ) / C 2 = O ) C,0,5.248
13,Cc1ccc(c(c1)C)NC(=O)C(C(=O)C)N=Nc1ccc(cc1Cl)c1ccc(c(c1)Cl)N=NC(C(=O)Nc1ccc(cc1C)C)C(=O)C,C c 1 c c c ( c ( c 1 ) C ) N C ( = O ) C ( C ( = O ) C ) N = N c 1 c c c ( c c 1 Cl ) c 1 c c c ( c ( c 1 ) Cl ) N = N C ( C ( = O ) N c 1 c c c ( c c 1 C ) C ) C ( = O ) C,0,5.023
14,CCOc1ccc(cc1)/N=N/c1ccc(c2c1cccc2)O,C C O c 1 c c c ( c c 1 ) / N = N / c 1 c c c ( c 2 c 1 c c c c 2 ) O,0,5.122
15,O=C=NC(c1cccc(c1)C(N=C=O)(C)C)(C)C,O = C = N C ( c 1 c c c c ( c 1 ) C ( N = C = O ) ( C ) C ) ( C ) C,0,5.436
16,Clc1cc(ccc1/N=N/c1c(O)ccc2c1cccc2)N(=O)=O,Cl c 1 c c ( c c c 1 / N = N / c 1 c ( O ) c c c 2 c 1 c c c c 2 ) N ( = O ) = O,0,5.123
17,O=N(=O)c1cc(ccc1/N=N/c1c(O)ccc2c1cccc2)N(=O)=O,O = N ( = O ) c 1 c c ( c c c 1 / N = N / c 1 c ( O ) c c c 2 c 1 c c c c 2 ) N ( = O ) = O,0,5.127
18,C[Si](O[Si](O[Si](C)(C)C)(O[Si](C)(C)C)O[Si](C)(C)C)(C)C,C [ Si ] ( O [ Si ] ( O [ Si ] ( C ) ( C ) C ) ( O [ Si ] ( C ) ( C ) C ) O [ Si ] ( C ) ( C ) C ) ( C ) C,0,5.588
19,O=C1c2ccccc2C(=O)c2c1c(ccc2N)Nc1ccccc1,O = C 1 c 2 c c c c c 2 C ( = O ) c 2 c 1 c ( c c c 2 N ) N c 1 c c c c c 1,0,5.401
20,OCCC(C(C(C(C(C(F)(F)F)(F)F)(F)F)(F)F)(F)F)(F)F,O C C C ( C ( C ( C ( C ( C ( F ) ( F ) F ) ( F ) F ) ( F ) F ) ( F ) F ) ( F ) F ) ( F ) F,0,6.213
21,Oc1ccc2c(c1/N=N/c1ccccc1)cccc2,O c 1 c c c 2 c ( c 1 / N = N / c 1 c c c c c 1 ) c c c c 2,0,5.122
22,Clc1cc(Cl)c(c(c1)C(=O)Nc1ccc(c(c1)Cl)Cl)O,Cl c 1 c c ( Cl ) c ( c ( c 1 ) C ( = O ) N c 1 c c c ( c ( c 1 ) Cl ) Cl ) O,0,5.095
23,CCOC(=O)c1ccccc1/C(=C/1\C=C(Br)C(=O)C(=C1)Br)/c1cc(Br)c(c(c1)Br)O,C C O C ( = O ) c 1 c c c c c 1 / C ( = C / 1 \ C = C ( Br ) C ( = O ) C ( = C 1 ) Br ) / c 1 c c ( Br ) c ( c ( c 1 ) Br ) O,0,5.272
24,CN(c1ccc(c2c1cccc2)C(c1ccc(cc1)N(C)C)(c1ccc(cc1)N(C)C)O)c1ccccc1,C N ( c 1 c c c ( c 2 c 1 c c c c 2 ) C ( c 1 c c c ( c c 1 ) N ( C ) C ) ( c 1 c c c ( c c 1 ) N ( C ) C ) O ) c 1 c c c c c 1,0,5.703
25,FC(C(F)F)F,F C ( C ( F ) F ) F,0,4.562
26,OCCN(S(=O)(=O)C(C(C(C(C(C(C(C(F)(F)F)(F)F)(F)F)(F)F)(F)F)(F)F)(F)F)(F)F)CC,O C C N ( S ( = O ) ( = O ) C ( C ( C ( C ( C ( C ( C ( C ( F ) ( F ) F ) ( F ) F ) ( F ) F ) ( F ) F ) ( F ) F ) ( F ) F ) ( F ) F ) ( F ) F ) C C,0,6.293
27,Oc1c(Br)cc2c(c1Br)Oc1c(C32OC(=O)c2c3c(Cl)c(Cl)c(c2Cl)Cl)cc(c(c1Br)O)Br,O c 1 c ( Br ) c c 2 c ( c 1 Br ) O c 1 c ( C 3 2 O C ( = O ) c 2 c 3 c ( Cl ) c ( Cl ) c ( c 2 Cl ) Cl ) c c ( c ( c 1 Br ) O ) Br,0,5.818
28,Brc1ccc2c(c1)C(=O)/C(=C/1\Sc3c(C1=O)ccc1c3c(Cl)ccc1)/N2,Br c 1 c c c 2 c ( c 1 ) C ( = O ) / C ( = C / 1 \ S c 3 c ( C 1 = O ) c c c 1 c 3 c ( Cl ) c c c 1 ) / N 2,0,5.229
29,O=C1c2ccccc2C(=O)c2c1c(ccc2N)Sc1nc2c(s1)cccc2,O = C 1 c 2 c c c c c 2 C ( = O ) c 2 c 1 c ( c c c 2 N ) S c 1 n c 2 c ( s 1 ) c c c c 2,0,5.401
30,N#CCCN(c1ccc(cc1)/N=N/c1c(Cl)cc(cc1Cl)[N+](=O)[O-])CCOC(=O)C,N # C C C N ( c 1 c c c ( c c 1 ) / N = N / c 1 c ( Cl ) c c ( c c 1 Cl ) [ N+ ] ( = O ) [ O- ] ) C C O C ( = O ) C,0,5.054
31,CN(c1ccc(cc1)C(c1ccc(c2c1cccc2)Nc1ccccc1)(c1ccc(cc1)N(C)C)O)C,C N ( c 1 c c c ( c c 1 ) C ( c 1 c c c ( c 2 c 1 c c c c 2 ) N c 1 c c c c c 1 ) ( c 1 c c c ( c c 1 ) N ( C ) C ) O ) C,0,5.702
32,C[Si]1(C)O[Si](C)(C)O[Si](C)(C)O[Si](O[Si](O[Si](O1)(C)C)(C)C)(C)C,C [ Si ] 1 ( C ) O [ Si ] ( C ) ( C ) O [ Si ] ( C ) ( C ) O [ Si ] ( O [ Si ] ( O [ Si ] ( O 1 ) ( C ) C ) ( C ) C ) ( C ) C,0,5.562
33,C[Si]1(C)O[Si](C)(C)O[Si](C)(C)O[Si](O[Si](O1)(C)C)(C)C,C [ Si ] 1 ( C ) O [ Si ] ( C ) ( C ) O [ Si ] ( C ) ( C ) O [ Si ] ( O [ Si ] ( O 1 ) ( C ) C ) ( C ) C,0,5.562
34,CN(c1ccc(cc1)C(c1ccc(cc1)N(C)C)c1ccc(cc1)N(C)C)C,C N ( c 1 c c c ( c c 1 ) C ( c 1 c c c ( c c 1 ) N ( C ) C ) c 1 c c c ( c c 1 ) N ( C ) C ) C,0,5.155
35,N#Cc1cc(cc(c1/N=N/c1ccc(cc1NC(=O)C)N(CC)CC)Br)[N+](=O)[O-],N # C c 1 c c ( c c ( c 1 / N = N / c 1 c c c ( c c 1 N C ( = O ) C ) N ( C C ) C C ) Br ) [ N+ ] ( = O ) [ O- ],0,5.079
36,Cc1ccc(c(c1)C)/N=N/c1c(O)ccc2c1cccc2,C c 1 c c c ( c ( c 1 ) C ) / N = N / c 1 c ( O ) c c c 2 c 1 c c c c 2,0,5.123
37,OCCN(c1ccc(cc1)/N=N/c1c(Cl)cc(cc1Cl)[N+](=O)[O-])C,O C C N ( c 1 c c c ( c c 1 ) / N = N / c 1 c ( Cl ) c c ( c c 1 Cl ) [ N+ ] ( = O ) [ O- ] ) C,0,5.054
38,Oc1ccc(cc1)/N=N/c1ccc(cc1)/N=N/c1ccccc1,O c 1 c c c ( c c 1 ) / N = N / c 1 c c c ( c c 1 ) / N = N / c 1 c c c c c 1,0,4.698
39,Oc1ccc(cc1)N=Nc1ccc(c2c1cccc2)N=Nc1ccccc1,O c 1 c c c ( c c 1 ) N = N c 1 c c c ( c 2 c 1 c c c c 2 ) N = N c 1 c c c c c 1,0,5.14
40,Oc1c(cc(cc1C(C)(C)C)c1ccc(cc1)C(C)(C)C)C(C)(C)C,O c 1 c ( c c ( c c 1 C ( C ) ( C ) C ) c 1 c c c ( c c 1 ) C ( C ) ( C ) C ) C ( C ) ( C ) C,0,5.495
41,Oc1ccc(cc1C)/N=N/c1ccc(cc1)/N=N/c1ccccc1,O c 1 c c c ( c c 1 C ) / N = N / c 1 c c c ( c c 1 ) / N = N / c 1 c c c c c 1,0,4.834
42,Brc1cc(Br)cc(c1)Br,Br c 1 c c ( Br ) c c ( c 1 ) Br,0,4.732
43,COc1c(OC)c(Cl)c(c(c1Cl)Cl)Cl,C O c 1 c ( O C ) c ( Cl ) c ( c ( c 1 Cl ) Cl ) Cl,0,5.268
44,Clc1cc(cc(c1Cl)Cl)c1cc(Cl)c(c(c1)Cl)Cl,Cl c 1 c c ( c c ( c 1 Cl ) Cl ) c 1 c c ( Cl ) c ( c ( c 1 ) Cl ) Cl,0,5.1
45,COc1ccccc1/N=N/c1c(O)ccc2c1cccc2,C O c 1 c c c c c 1 / N = N / c 1 c ( O ) c c c 2 c 1 c c c c 2,0,5.123
46,Oc1c(Br)cc(cc1Br)C1(OS(=O)(=O)c2c1cccc2)c1cc(Br)c(c(c1)Br)O,O c 1 c ( Br ) c c ( c c 1 Br ) C 1 ( O S ( = O ) ( = O ) c 2 c 1 c c c c 2 ) c 1 c c ( Br ) c ( c ( c 1 ) Br ) O,0,5.727
47,Cc1cc(cc(c1O)Br)C1(OS(=O)(=O)c2c1cccc2)c1cc(C)c(c(c1)Br)O,C c 1 c c ( c c ( c 1 O ) Br ) C 1 ( O S ( = O ) ( = O ) c 2 c 1 c c c c 2 ) c 1 c c ( C ) c ( c ( c 1 ) Br ) O,0,5.727
48,[O-][N+](=O)c1c(C)c(cc2c1C(C)(C)CC2(C)C)[N+](=O)[O-],[ O- ] [ N+ ] ( = O ) c 1 c ( C ) c ( c c 2 c 1 C ( C ) ( C ) C C 2 ( C ) C ) [ N+ ] ( = O ) [ O- ],0,5.525
49,Cc1cc(O)c(cc1C1(OS(=O)(=O)c2c1cccc2)c1cc(C)c(cc1C)O)C,C c 1 c c ( O ) c ( c c 1 C 1 ( O S ( = O ) ( = O ) c 2 c 1 c c c c 2 ) c 1 c c ( C ) c ( c c 1 C ) O ) C,0,5.761
50,Clc1ccc(cc1)NC(=O)c1cc2c(cc1O)[nH]c1c2cccc1,Cl c 1 c c c ( c c 1 ) N C ( = O ) c 1 c c 2 c ( c c 1 O ) [ n H ] c 1 c 2 c c c c 1,0,5.137
51,Clc1c(S)c(Cl)c(c(c1Cl)Cl)Cl,Cl c 1 c ( S ) c ( Cl ) c ( c ( c 1 Cl ) Cl ) Cl,0,5.236
52,Clc1ccc(c(c1)NC(=O)c1cc2ccccc2cc1O)C,Cl c 1 c c c ( c ( c 1 ) N C ( = O ) c 1 c c 2 c c c c c 2 c c 1 O ) C,0,5.099
53,COc1c([N+](=O)[O-])c(C)c(cc1C(C)(C)C)[N+](=O)[O-],C O c 1 c ( [ N+ ] ( = O ) [ O- ] ) c ( C ) c ( c c 1 C ( C ) ( C ) C ) [ N+ ] ( = O ) [ O- ],0,5.46
54,CN1CCN(CC1)CCCN1c2ccccc2Sc2c1cc(cc2)C(F)(F)F,C N 1 C C N ( C C 1 ) C C C N 1 c 2 c c c c c 2 S c 2 c 1 c c ( c c 2 ) C ( F ) ( F ) F,0,5.356
55,O=c1c2ccc3c4c2c(c2c1cccc2)[nH]c1c4c2c([nH]3)c3ccccc3c(=O)c2cc1,O = c 1 c 2 c c c 3 c 4 c 2 c ( c 2 c 1 c c c c 2 ) [ n H ] c 1 c 4 c 2 c ( [ n H ] 3 ) c 3 c c c c c 3 c ( = O ) c 2 c c 1,0,5.554
56,C=C[C@@](CC[C@H]1[C@](C)(O)CC[C@@H]2[C@]1(C)CCCC2(C)C)(O)C,C = C [ C @ @ ] ( C C [ C @ H ] 1 [ C @ ] ( C ) ( O ) C C [ C @ @ H ] 2 [ C @ ] 1 ( C ) C C C C 2 ( C ) C ) ( O ) C,0,5.807
57,N/C(=N\CCCCCC/N=C(/N=C(Nc1ccc(cc1)Cl)N)\N)/N=C(Nc1ccc(cc1)Cl)N,N / C ( = N \ C C C C C C / N = C ( / N = C ( N c 1 c c c ( c c 1 ) Cl ) N ) \ N ) / N = C ( N c 1 c c c ( c c 1 ) Cl ) N,0,4.7
58,CN1CCN(CC1)CCCN1c2ccccc2Sc2c1cc(Cl)cc2,C N 1 C C N ( C C 1 ) C C C N 1 c 2 c c c c c 2 S c 2 c 1 c c ( Cl ) c c 2,0,5.237
59,Cl[C@@H]1[C@H](Cl)[C@@H](Cl)[C@@H]([C@@H]([C@H]1Cl)Cl)Cl,Cl [ C @ @ H ] 1 [ C @ H ] ( Cl ) [ C @ @ H ] ( Cl ) [ C @ @ H ] ( [ C @ @ H ] ( [ C @ H ] 1 Cl ) Cl ) Cl,0,5.236
60,C[Si]1(C)O[Si](C)(C)O[Si](O[Si](O1)(C)C)(C)C,C [ Si ] 1 ( C ) O [ Si ] ( C ) ( C ) O [ Si ] ( O [ Si ] ( O 1 ) ( C ) C ) ( C ) C,0,5.562
61,Brc1cc(c(c(c1O)Br)C)C1(OS(=O)(=O)c2c1cccc2)c1cc(Br)c(c(c1C)Br)O,Br c 1 c c ( c ( c ( c 1 O ) Br ) C ) C 1 ( O S ( = O ) ( = O ) c 2 c 1 c c c c 2 ) c 1 c c ( Br ) c ( c ( c 1 C ) Br ) O,0,5.772
63,COc1cc(NS(=O)(=O)c2ccc(cc2)C)c2c(c1N)C(=O)c1c(C2=O)cccc1,C O c 1 c c ( N S ( = O ) ( = O ) c 2 c c c ( c c 2 ) C ) c 2 c ( c 1 N ) C ( = O ) c 1 c ( C 2 = O ) c c c c 1,0,5.465
64,Oc1ccc2c(c1/N=N/c1ccc(cc1)/N=N\c1ccccc1)cccc2,O c 1 c c c 2 c ( c 1 / N = N / c 1 c c c ( c c 1 ) / N = N \ c 1 c c c c c 1 ) c c c c 2,0,5.122
65,Brc1ccc(cc1)NC(=O)c1cc(Br)cc(c1O)Br,Br c 1 c c c ( c c 1 ) N C ( = O ) c 1 c c ( Br ) c c ( c 1 O ) Br,0,5.093
66,COc1cc(OC)c(cc1NC(=O)c1cc2ccccc2cc1O)Cl,C O c 1 c c ( O C ) c ( c c 1 N C ( = O ) c 1 c c 2 c c c c c 2 c c 1 O ) Cl,0,5.109
67,Clc1ccc(c(c1)C)NC(=O)c1cc2ccccc2cc1O,Cl c 1 c c c ( c ( c 1 ) C ) N C ( = O ) c 1 c c 2 c c c c c 2 c c 1 O,0,5.098
68,Cc1cc(Sc2cc(C)c(c(c2)C(C)(C)C)O)cc(c1O)C(C)(C)C,C c 1 c c ( S c 2 c c ( C ) c ( c ( c 2 ) C ( C ) ( C ) C ) O ) c c ( c 1 O ) C ( C ) ( C ) C,0,5.406
69,ClC(C(c1ccccc1Cl)c1ccc(cc1)Cl)Cl,Cl C ( C ( c 1 c c c c c 1 Cl ) c 1 c c c ( c c 1 ) Cl ) Cl,0,5.164
70,CCN(c1ccc(c(c1)C)C=C(C#N)C#N)CCOC(=O)CCCCC(=O)OCCN(c1ccc(c(c1)C)C=C(C#N)C#N)CC,C C N ( c 1 c c c ( c ( c 1 ) C ) C = C ( C # N ) C # N ) C C O C ( = O ) C C C C C ( = O ) O C C N ( c 1 c c c ( c ( c 1 ) C ) C = C ( C # N ) C # N ) C C,0,4.969
71,COc1ccccc1Nc1ccc(c2c1C(=O)c1ccccc1C2=O)N,C O c 1 c c c c c 1 N c 1 c c c ( c 2 c 1 C ( = O ) c 1 c c c c c 1 C 2 = O ) N,0,5.402
72,N#CCCNCCc1ccc(cc1)/N=N/c1sc2c(n1)c(Br)cc(c2)Br,N # C C C N C C c 1 c c c ( c c 1 ) / N = N / c 1 s c 2 c ( n 1 ) c ( Br ) c c ( c 2 ) Br,0,5.014
73,COc1cc(ccc1Nc1ccc(cc1[N+](=O)[O-])[N+](=O)[O-])c1ccc(c(c1)OC)Nc1ccc(cc1[N+](=O)[O-])[N+](=O)[O-],C O c 1 c c ( c c c 1 N c 1 c c c ( c c 1 [ N+ ] ( = O ) [ O- ] ) [ N+ ] ( = O ) [ O- ] ) c 1 c c c ( c ( c 1 ) O C ) N c 1 c c c ( c c 1 [ N+ ] ( = O ) [ O- ] ) [ N+ ] ( = O ) [ O- ],0,5.092
74,CC(=O)OC(N(c1ccc(c(c1)NC(=O)c1ccccc1)N=Nc1ccc(cc1)[N+](=O)[O-])C(OC(=O)C)C)C,C C ( = O ) O C ( N ( c 1 c c c ( c ( c 1 ) N C ( = O ) c 1 c c c c c 1 ) N = N c 1 c c c ( c c 1 ) [ N+ ] ( = O ) [ O- ] ) C ( O C ( = O ) C ) C ) C,0,5.142
75,CCN(c1ccc(cc1)/N=N/c1ccc(cc1Cl)[N+](=O)[O-])CCOc1ccccc1,C C N ( c 1 c c c ( c c 1 ) / N = N / c 1 c c c ( c c 1 Cl ) [ N+ ] ( = O ) [ O- ] ) C C O c 1 c c c c c 1,0,4.928
76,Brc1ccc(c(c1)Br)Oc1cc(Br)c(cc1Br)Br,Br c 1 c c c ( c ( c 1 ) Br ) O c 1 c c ( Br ) c ( c c 1 Br ) Br,0,5.009
77,N#CCCN(c1ccc(cc1)/N=N/c1sc2c(n1)cc(c(c2)Cl)Cl)CCOC(=O)C,N # C C C N ( c 1 c c c ( c c 1 ) / N = N / c 1 s c 2 c ( n 1 ) c c ( c ( c 2 ) Cl ) Cl ) C C O C ( = O ) C,0,4.97
78,OCCN(S(=O)(=O)C(C(C(C(C(C(F)(F)F)(F)F)(F)F)(F)F)(F)F)(F)F)CC,O C C N ( S ( = O ) ( = O ) C ( C ( C ( C ( C ( C ( F ) ( F ) F ) ( F ) F ) ( F ) F ) ( F ) F ) ( F ) F ) ( F ) F ) C C,0,6.253
79,CCOC(=O)CCc1cc(c(c(c1)C(C)(C)C)O)C(C)(C)C,C C O C ( = O ) C C c 1 c c ( c ( c ( c 1 ) C ( C ) ( C ) C ) O ) C ( C ) ( C ) C,0,5.489
80,Brc1cccc(c1)Oc1ccc(c(c1Br)Br)Br,Br c 1 c c c c ( c 1 ) O c 1 c c c ( c ( c 1 Br ) Br ) Br,0,5.063
81,COc1ccc(cc1)C(c1ccc(cc1)OC)(c1ccccc1)Cl,C O c 1 c c c ( c c 1 ) C ( c 1 c c c ( c c 1 ) O C ) ( c 1 c c c c c 1 ) Cl,0,5.667
82,N#CCCN(c1ccc(cc1)/N=N/c1sc2c(n1)cc(c(c2)Cl)Cl)C,N # C C C N ( c 1 c c c ( c c 1 ) / N = N / c 1 s c 2 c ( n 1 ) c c ( c ( c 2 ) Cl ) Cl ) C,0,4.97
83,CN1C(C)(C)CC(CC1(C)C)OC(=O)CCCCCCCCC(=O)OC1CC(C)(C)N(C(C1)(C)C)C,C N 1 C ( C ) ( C ) C C ( C C 1 ( C ) C ) O C ( = O ) C C C C C C C C C ( = O ) O C 1 C C ( C ) ( C ) N ( C ( C 1 ) ( C ) C ) C,0,5.625
84,Oc1ccc(cc1C(C)(C)C)c1ccc(cc1)C(C)(C)C,O c 1 c c c ( c c 1 C ( C ) ( C ) C ) c 1 c c c ( c c 1 ) C ( C ) ( C ) C,0,5.382
85,C=CCN(c1cc(NC(=O)C)c(cc1OC)/N=N/c1c(Br)cc(cc1[N+](=O)[O-])[N+](=O)[O-])Cc1ccccc1,C = C C N ( c 1 c c ( N C ( = O ) C ) c ( c c 1 O C ) / N = N / c 1 c ( Br ) c c ( c c 1 [ N+ ] ( = O ) [ O- ] ) [ N+ ] ( = O ) [ O- ] ) C c 1 c c c c c 1,0,5.146
86,Nc1c(ccc2c1C(=O)c1ccccc1C2=O)c1nnc(o1)c1ccc2c(c1N)C(=O)c1c(C2=O)cccc1,N c 1 c ( c c c 2 c 1 C ( = O ) c 1 c c c c c 1 C 2 = O ) c 1 n n c ( o 1 ) c 1 c c c 2 c ( c 1 N ) C ( = O ) c 1 c ( C 2 = O ) c c c c 1,0,5.39
87,Nc1c(ccc2c1C(=O)c1ccccc1C2=O)c1nnc(o1)c1ccc(cc1)c1nnc(o1)c1ccc2c(c1N)C(=O)c1c(C2=O)cccc1,N c 1 c ( c c c 2 c 1 C ( = O ) c 1 c c c c c 1 C 2 = O ) c 1 n n c ( o 1 ) c 1 c c c ( c c 1 ) c 1 n n c ( o 1 ) c 1 c c c 2 c ( c 1 N ) C ( = O ) c 1 c ( C 2 = O ) c c c c 1,0,5.387
88,CCN(c1ccc(c(c1)NC(=O)C)/N=N/c1c(Br)cc(cc1[N+](=O)[O-])[N+](=O)[O-])CC,C C N ( c 1 c c c ( c ( c 1 ) N C ( = O ) C ) / N = N / c 1 c ( Br ) c c ( c c 1 [ N+ ] ( = O ) [ O- ] ) [ N+ ] ( = O ) [ O- ] ) C C,0,5.134
89,CCC1(COP(Oc2ccc(cc2)C(c2ccc(cc2)OP(OCC2(CC)COC2)OCC2(CC)COC2)(C)C)OCC2(CC)COC2)COC1,C C C 1 ( C O P ( O c 2 c c c ( c c 2 ) C ( c 2 c c c ( c c 2 ) O P ( O C C 2 ( C C ) C O C 2 ) O C C 2 ( C C ) C O C 2 ) ( C ) C ) O C C 2 ( C C ) C O C 2 ) C O C 1,0,5.512
90,N#CC(=Cc1ccc(cc1C)N(CCOc1ccc(cc1)C1CCCCC1)CC)C#N,N # C C ( = C c 1 c c c ( c c 1 C ) N ( C C O c 1 c c c ( c c 1 ) C 1 C C C C C 1 ) C C ) C # N,0,4.969
91,CCN(c1ccc(c(c1)C)C=C(C#N)C#N)CCOc1ccccc1C1CCCCC1,C C N ( c 1 c c c ( c ( c 1 ) C ) C = C ( C # N ) C # N ) C C O c 1 c c c c c 1 C 1 C C C C C 1,0,5.015
92,COc1ccc(cc1)Oc1cc(O)c2c(c1N)C(=O)c1c(C2=O)cccc1,C O c 1 c c c ( c c 1 ) O c 1 c c ( O ) c 2 c ( c 1 N ) C ( = O ) c 1 c ( C 2 = O ) c c c c 1,0,5.421
93,N#Cc1cc(cc(c1/N=N/c1ccc(cc1NC(=O)C)N(CC)CC)I)[N+](=O)[O-],N # C c 1 c c ( c c ( c 1 / N = N / c 1 c c c ( c c 1 N C ( = O ) C ) N ( C C ) C C ) I ) [ N+ ] ( = O ) [ O- ],0,5.079
94,N#CCCN(c1ccc(cc1)/N=N/c1c(Br)cc(cc1Br)[N+](=O)[O-])CC,N # C C C N ( c 1 c c c ( c c 1 ) / N = N / c 1 c ( Br ) c c ( c c 1 Br ) [ N+ ] ( = O ) [ O- ] ) C C,0,5.054
95,CC(=O)OCCN(c1ccc(cc1)N=Nc1c(Br)cc(cc1Br)[N+](=O)[O-])CCOC(=O)C,C C ( = O ) O C C N ( c 1 c c c ( c c 1 ) N = N c 1 c ( Br ) c c ( c c 1 Br ) [ N+ ] ( = O ) [ O- ] ) C C O C ( = O ) C,0,5.054
96,CCCN(c1ccc(c(c1)NC(=O)C)/N=N/c1c(C#N)cc(cc1C#N)[N+](=O)[O-])CCC,C C C N ( c 1 c c c ( c ( c 1 ) N C ( = O ) C ) / N = N / c 1 c ( C # N ) c c ( c c 1 C # N ) [ N+ ] ( = O ) [ O- ] ) C C C,0,5.097
97,Nc1c(N)ccc2c1c1ccc3c4c1c(C2=O)ccc4c1c2c3ccc3c2c(cc1)C(=O)c1c3cccc1,N c 1 c ( N ) c c c 2 c 1 c 1 c c c 3 c 4 c 1 c ( C 2 = O ) c c c 4 c 1 c 2 c 3 c c c 3 c 2 c ( c c 1 ) C ( = O ) c 1 c 3 c c c c 1,0,5.564
98,Clc1ccc(c(c1)Cl)NC(=O)C(C(=O)C(C)(C)C)Oc1ccc(cc1)C(=O)O,Cl c 1 c c c ( c ( c 1 ) Cl ) N C ( = O ) C ( C ( = O ) C ( C ) ( C ) C ) O c 1 c c c ( c c 1 ) C ( = O ) O,0,5.373
99,COc1ccc(cc1N=Nc1c(O)c(cc2c1cccc2)C(=O)Nc1cc(Cl)c(cc1OC)OC)C(=O)Nc1ccc(cc1)C(=O)N,C O c 1 c c c ( c c 1 N = N c 1 c ( O ) c ( c c 2 c 1 c c c c 2 ) C ( = O ) N c 1 c c ( Cl ) c ( c c 1 O C ) O C ) C ( = O ) N c 1 c c c ( c c 1 ) C ( = O ) N,0,5.245
100,CCCCN(c1ccc(c(c1)C)C=C(C#N)C#N)CCOC(=O)Nc1ccc(c(c1)Cl)Cl,C C C C N ( c 1 c c c ( c ( c 1 ) C ) C = C ( C # N ) C # N ) C C O C ( = O ) N c 1 c c c ( c ( c 1 ) Cl ) Cl,0,4.972
101,COC(=O)CCN(c1ccc(cc1)N=Nc1c(Cl)cc(cc1Br)[N+](=O)[O-])CCC(=O)OC,C O C ( = O ) C C N ( c 1 c c c ( c c 1 ) N = N c 1 c ( Cl ) c c ( c c 1 Br ) [ N+ ] ( = O ) [ O- ] ) C C C ( = O ) O C,0,5.054
102,OCCNc1nc(NCCCOCCOc2ccccc2)c(c(c1C#N)C)/N=N/c1ccc(cc1C#N)[N+](=O)[O-],O C C N c 1 n c ( N C C C O C C O c 2 c c c c c 2 ) c ( c ( c 1 C # N ) C ) / N = N / c 1 c c c ( c c 1 C # N ) [ N+ ] ( = O ) [ O- ],0,5.195
103,OCCN1c2cc(C)c(cc2C(CC1(C)C)C)/N=N/c1c(Cl)cc(cc1[N+](=O)[O-])[N+](=O)[O-],O C C N 1 c 2 c c ( C ) c ( c c 2 C ( C C 1 ( C ) C ) C ) / N = N / c 1 c ( Cl ) c c ( c c 1 [ N+ ] ( = O ) [ O- ] ) [ N+ ] ( = O ) [ O- ],0,5.509
104,CCCN(c1ccc(c(c1)NC(=O)C)/N=N/c1nnc(s1)SCC)CCC,C C C N ( c 1 c c c ( c ( c 1 ) N C ( = O ) C ) / N = N / c 1 n n c ( s 1 ) S C C ) C C C,0,4.994
105,N#Cc1c(NCCCOCCOc2ccccc2)nc(c(c1C)/N=N/c1ccc(cc1Cl)S(=O)(=O)C)NCCCOCCOc1ccccc1,N # C c 1 c ( N C C C O C C O c 2 c c c c c 2 ) n c ( c ( c 1 C ) / N = N / c 1 c c c ( c c 1 Cl ) S ( = O ) ( = O ) C ) N C C C O C C O c 1 c c c c c 1,0,5.326
106,N#CC(=Cc1cc2C(C)CC(N(c2cc1C)CCC(=O)Nc1ccccc1)(C)C)C#N,N # C C ( = C c 1 c c 2 C ( C ) C C ( N ( c 2 c c 1 C ) C C C ( = O ) N c 1 c c c c c 1 ) ( C ) C ) C # N,0,5.51
107,N#CC(=Cc1ccc2c(c1)C(C)CC(N2CCOC(=O)Nc1ccccc1)(C)C)C#N,N # C C ( = C c 1 c c c 2 c ( c 1 ) C ( C ) C C ( N 2 C C O C ( = O ) N c 1 c c c c c 1 ) ( C ) C ) C # N,0,5.504
108,OCCNc1nc(NCCCOCCOc2ccccc2)c(c(c1/N=N/c1ccc(cc1C#N)[N+](=O)[O-])C)C#N,O C C N c 1 n c ( N C C C O C C O c 2 c c c c c 2 ) c ( c ( c 1 / N = N / c 1 c c c ( c c 1 C # N ) [ N+ ] ( = O ) [ O- ] ) C ) C # N,0,5.195
109,CC(Nc1nc(nc(n1)c1ccccc1)Nc1cc(Br)c(c2c1C(=O)c1ccccc1C2=O)N)C,C C ( N c 1 n c ( n c ( n 1 ) c 1 c c c c c 1 ) N c 1 c c ( Br ) c ( c 2 c 1 C ( = O ) c 1 c c c c c 1 C 2 = O ) N ) C,0,5.424
110,CC(Nc1nc(nc(n1)c1ccccc1)Nc1cc(C(=O)C)c(c2c1C(=O)c1ccccc1C2=O)N)C,C C ( N c 1 n c ( n c ( n 1 ) c 1 c c c c c 1 ) N c 1 c c ( C ( = O ) C ) c ( c 2 c 1 C ( = O ) c 1 c c c c c 1 C 2 = O ) N ) C,0,5.436
111,Clc1ccc(c(c1)O)Oc1ccc(cc1Cl)Cl,Cl c 1 c c c ( c ( c 1 ) O ) O c 1 c c c ( c c 1 Cl ) Cl,0,4.953
112,COc1ccc(cc1)C(c1ccc(cc1)OC)(c1ccccc1)OC[C@H]1O[C@H](C[C@@H]1O)n1cnc2c1ncnc2NC(=O)c1ccccc1,C O c 1 c c c ( c c 1 ) C ( c 1 c c c ( c c 1 ) O C ) ( c 1 c c c c c 1 ) O C [ C @ H ] 1 O [ C @ H ] ( C [ C @ @ H ] 1 O ) n 1 c n c 2 c 1 n c n c 2 N C ( = O ) c 1 c c c c c 1,0,5.711
113,O=C1NC2(OC31CC(C)(C)NC(C3)(C)C)CCCCCCCCCCC2,O = C 1 N C 2 ( O C 3 1 C C ( C ) ( C ) N C ( C 3 ) ( C ) C ) C C C C C C C C C C C 2,0,5.67
114,COc1ccc(cc1)C(c1ccc(cc1)OC)(c1ccccc1)OC[C@H]1O[C@H](C[C@@H]1O)n1ccc(nc1=O)NC(=O)c1ccccc1,C O c 1 c c c ( c c 1 ) C ( c 1 c c c ( c c 1 ) O C ) ( c 1 c c c c c 1 ) O C [ C @ H ] 1 O [ C @ H ] ( C [ C @ @ H ] 1 O ) n 1 c c c ( n c 1 = O ) N C ( = O ) c 1 c c c c c 1,0,5.711
115,CCOCCOC(=O)Nc1cc(ccc1/N=N/c1ccc(cc1Cl)[N+](=O)[O-])N(CC)CC,C C O C C O C ( = O ) N c 1 c c ( c c c 1 / N = N / c 1 c c c ( c c 1 Cl ) [ N+ ] ( = O ) [ O- ] ) N ( C C ) C C,0,4.999
116,CNS(=O)(=O)C(C(C(C(C(C(C(F)(F)F)(F)F)(F)F)(F)F)(F)F)(F)F)(F)F,C N S ( = O ) ( = O ) C ( C ( C ( C ( C ( C ( C ( F ) ( F ) F ) ( F ) F ) ( F ) F ) ( F ) F ) ( F ) F ) ( F ) F ) ( F ) F,0,6.272
117,CNS(=O)(=O)C(C(C(C(C(C(F)(F)F)(F)F)(F)F)(F)F)(F)F)(F)F,C N S ( = O ) ( = O ) C ( C ( C ( C ( C ( C ( F ) ( F ) F ) ( F ) F ) ( F ) F ) ( F ) F ) ( F ) F ) ( F ) F,0,6.247
118,CNS(=O)(=O)C(C(C(C(C(F)(F)F)(F)F)(F)F)(F)F)(F)F,C N S ( = O ) ( = O ) C ( C ( C ( C ( C ( F ) ( F ) F ) ( F ) F ) ( F ) F ) ( F ) F ) ( F ) F,0,6.212
119,N#CCCN(c1ccc(c(c1)C)/N=N/c1ccc(cc1Cl)[N+](=O)[O-])CCOC(=O)C,N # C C C N ( c 1 c c c ( c ( c 1 ) C ) / N = N / c 1 c c c ( c c 1 Cl ) [ N+ ] ( = O ) [ O- ] ) C C O C ( = O ) C,0,4.971
120,OCCN(S(=O)(=O)C(C(C(C(C(F)(F)F)(F)F)(F)F)(F)F)(F)F)CC,O C C N ( S ( = O ) ( = O ) C ( C ( C ( C ( C ( F ) ( F ) F ) ( F ) F ) ( F ) F ) ( F ) F ) ( F ) F ) C C,0,6.221
121,OCCN(S(=O)(=O)C(C(C(C(C(C(C(F)(F)F)(F)F)(F)F)(F)F)(F)F)(F)F)(F)F)CC,O C C N ( S ( = O ) ( = O ) C ( C ( C ( C ( C ( C ( C ( F ) ( F ) F ) ( F ) F ) ( F ) F ) ( F ) F ) ( F ) F ) ( F ) F ) ( F ) F ) C C,0,6.276
122,OCCN(S(=O)(=O)C(C(C(C(C(C(F)(F)F)(F)F)(F)F)(F)F)(F)F)(F)F)C,O C C N ( S ( = O ) ( = O ) C ( C ( C ( C ( C ( C ( F ) ( F ) F ) ( F ) F ) ( F ) F ) ( F ) F ) ( F ) F ) ( F ) F ) C,0,6.253
123,OCCN(S(=O)(=O)C(C(C(C(C(C(C(F)(F)F)(F)F)(F)F)(F)F)(F)F)(F)F)(F)F)C,O C C N ( S ( = O ) ( = O ) C ( C ( C ( C ( C ( C ( C ( F ) ( F ) F ) ( F ) F ) ( F ) F ) ( F ) F ) ( F ) F ) ( F ) F ) ( F ) F ) C,0,6.276
124,C=CCN(c1cc(NC(=O)C)c(cc1OC)/N=N/c1c(Br)cc(cc1[N+](=O)[O-])[N+](=O)[O-])CCC#N,C = C C N ( c 1 c c ( N C ( = O ) C ) c ( c c 1 O C ) / N = N / c 1 c ( Br ) c c ( c c 1 [ N+ ] ( = O ) [ O- ] ) [ N+ ] ( = O ) [ O- ] ) C C C # N,0,5.144
125,CCNS(=O)(=O)C(C(C(C(C(C(C(F)(F)F)(F)F)(F)F)(F)F)(F)F)(F)F)(F)F,C C N S ( = O ) ( = O ) C ( C ( C ( C ( C ( C ( C ( F ) ( F ) F ) ( F ) F ) ( F ) F ) ( F ) F ) ( F ) F ) ( F ) F ) ( F ) F,0,6.272
126,CCOC(=O)c1ccc2c(c1)C(OC2=O)(c1ccc(cc1OCC)N(CC)CC)c1c2ccccc2n(c1C)CC,C C O C ( = O ) c 1 c c c 2 c ( c 1 ) C ( O C 2 = O ) ( c 1 c c c ( c c 1 O C C ) N ( C C ) C C ) c 1 c 2 c c c c c 2 n ( c 1 C ) C C,0,5.777
127,CCOC(=O)c1ccc2c(c1)C(=O)OC2(c1ccc(cc1OCC)N(CC)CC)c1c2ccccc2n(c1C)CC,C C O C ( = O ) c 1 c c c 2 c ( c 1 ) C ( = O ) O C 2 ( c 1 c c c ( c c 1 O C C ) N ( C C ) C C ) c 1 c 2 c c c c c 2 n ( c 1 C ) C C,0,5.776
128,CC(=O)OCCN(S(=O)(=O)c1ccc2c(c1)ccc(c2N=Nc1ccc(cc1)N=Nc1ccccc1)O)C,C C ( = O ) O C C N ( S ( = O ) ( = O ) c 1 c c c 2 c ( c 1 ) c c c ( c 2 N = N c 1 c c c ( c c 1 ) N = N c 1 c c c c c 1 ) O ) C,0,5.505
129,O=C(C(=O)NCCOC(=O)CCc1cc(c(c(c1)C(C)(C)C)O)C(C)(C)C)NCCOC(=O)CCc1cc(c(c(c1)C(C)(C)C)O)C(C)(C)C,O = C ( C ( = O ) N C C O C ( = O ) C C c 1 c c ( c ( c ( c 1 ) C ( C ) ( C ) C ) O ) C ( C ) ( C ) C ) N C C O C ( = O ) C C c 1 c c ( c ( c ( c 1 ) C ( C ) ( C ) C ) O ) C ( C ) ( C ) C,0,5.489
130,COCCCNc1ccc(c2c1cccc2)/N=N/c1c(Br)cc(cc1[N+](=O)[O-])[N+](=O)[O-],C O C C C N c 1 c c c ( c 2 c 1 c c c c 2 ) / N = N / c 1 c ( Br ) c c ( c c 1 [ N+ ] ( = O ) [ O- ] ) [ N+ ] ( = O ) [ O- ],0,5.155
131,CC(=O)CCN(CC1(C)CCCC2(C1CCc1c2ccc(c1)C(C)C)C)CCC(=O)c1ccccc1,C C ( = O ) C C N ( C C 1 ( C ) C C C C 2 ( C 1 C C c 1 c 2 c c c ( c 1 ) C ( C ) C ) C ) C C C ( = O ) c 1 c c c c c 1,0,5.759
132,CCCCN(c1ccc(c(c1)C)/N=N/c1c(Br)cc(cc1C#N)[N+](=O)[O-])CCOC(=O)C,C C C C N ( c 1 c c c ( c ( c 1 ) C ) / N = N / c 1 c ( Br ) c c ( c c 1 C # N ) [ N+ ] ( = O ) [ O- ] ) C C O C ( = O ) C,0,5.077
133,CCCCN(c1ccc(c(c1)C)/N=N/c1c(C#N)cc(cc1C#N)[N+](=O)[O-])CCOC(=O)C,C C C C N ( c 1 c c c ( c ( c 1 ) C ) / N = N / c 1 c ( C # N ) c c ( c c 1 C # N ) [ N+ ] ( = O ) [ O- ] ) C C O C ( = O ) C,0,5.096
134,Clc1cc(cc(c1/N=N/c1ccc(cc1)Nc1ccc(cc1)[N+](=O)[O-])Cl)[N+](=O)[O-],Cl c 1 c c ( c c ( c 1 / N = N / c 1 c c c ( c c 1 ) N c 1 c c c ( c c 1 ) [ N+ ] ( = O ) [ O- ] ) Cl ) [ N+ ] ( = O ) [ O- ],0,5.054
135,CCCN(c1ccc(c(c1)NS(=O)(=O)C)/N=N/c1c(C#N)cc(cc1C#N)C)CCC,C C C N ( c 1 c c c ( c ( c 1 ) N S ( = O ) ( = O ) C ) / N = N / c 1 c ( C # N ) c c ( c c 1 C # N ) C ) C C C,0,5.179
136,COC(=O)OCCN(c1ccc(c(c1)C)/N=N/c1c(Cl)cc(cc1Cl)[N+](=O)[O-])CCOC(=O)OC,C O C ( = O ) O C C N ( c 1 c c c ( c ( c 1 ) C ) / N = N / c 1 c ( Cl ) c c ( c c 1 Cl ) [ N+ ] ( = O ) [ O- ] ) C C O C ( = O ) O C,0,5.058
137,CCCc1cc(Cl)cc(c1)c1ccncc1,C C C c 1 c c ( Cl ) c c ( c 1 ) c 1 c c n c c 1,0,4.942
138,CCCc1cc(ccc1Cl)c1ccncc1,C C C c 1 c c ( c c c 1 Cl ) c 1 c c n c c 1,0,4.965
139,COCCNc1nc(NCCOC)c(c(c1/N=N/c1cccc2c1C(=O)c1ccccc1C2=O)C)C#N,C O C C N c 1 n c ( N C C O C ) c ( c ( c 1 / N = N / c 1 c c c c 2 c 1 C ( = O ) c 1 c c c c c 1 C 2 = O ) C ) C # N,0,5.359
140,COCCNc1nc(NCCOC)c(c(c1/N=N/c1cc(OC)c(cc1OC)/N=N/c1c(Cl)cc(cc1Cl)[N+](=O)[O-])C)C#N,C O C C N c 1 n c ( N C C O C ) c ( c ( c 1 / N = N / c 1 c c ( O C ) c ( c c 1 O C ) / N = N / c 1 c ( Cl ) c c ( c c 1 Cl ) [ N+ ] ( = O ) [ O- ] ) C ) C # N,0,5.195
141,Clc1cc(Cl)c2c(c1)c(=O)n1c(n2)c(c([nH]1)C)N=Nc1cccc2c1C(=O)c1ccccc1C2=O,Cl c 1 c c ( Cl ) c 2 c ( c 1 ) c ( = O ) n 1 c ( n 2 ) c ( c ( [ n H ] 1 ) C ) N = N c 1 c c c c 2 c 1 C ( = O ) c 1 c c c c c 1 C 2 = O,0,5.359
142,OC(COc1ccccc1)CNc1cc(NC(=O)C)c(cc1Cl)/N=N/c1ccc(cc1Cl)[N+](=O)[O-],O C ( C O c 1 c c c c c 1 ) C N c 1 c c ( N C ( = O ) C ) c ( c c 1 Cl ) / N = N / c 1 c c c ( c c 1 Cl ) [ N+ ] ( = O ) [ O- ],0,5.03
143,CCCN(c1ccc(c(c1)NC(=O)C)/N=N/c1c(Br)cc(cc1C#N)[N+](=O)[O-])CCC,C C C N ( c 1 c c c ( c ( c 1 ) N C ( = O ) C ) / N = N / c 1 c ( Br ) c c ( c c 1 C # N ) [ N+ ] ( = O ) [ O- ] ) C C C,0,5.079
144,N#Cc1cc(C)cc(c1/N=N/c1ccc(cc1C)N(CC)CC)Br,N # C c 1 c c ( C ) c c ( c 1 / N = N / c 1 c c c ( c c 1 C ) N ( C C ) C C ) Br,0,5.044
145,N#Cc1cc(C)cc(c1/N=N/c1ccc(cc1NS(=O)(=O)C)N(CC)CC)Br,N # C c 1 c c ( C ) c c ( c 1 / N = N / c 1 c c c ( c c 1 N S ( = O ) ( = O ) C ) N ( C C ) C C ) Br,0,5.178
146,CCCN(c1ccc(c(c1)NS(=O)(=O)C)/N=N/c1c(Br)cc(cc1C#N)C)CCC,C C C N ( c 1 c c c ( c ( c 1 ) N S ( = O ) ( = O ) C ) / N = N / c 1 c ( Br ) c c ( c c 1 C # N ) C ) C C C,0,5.179
147,O=C(c1cc2ccccc2c(c1O)N=Nc1ccc(cc1[N+](=O)[O-])[N+](=O)[O-])Nc1ccccc1,O = C ( c 1 c c 2 c c c c c 2 c ( c 1 O ) N = N c 1 c c c ( c c 1 [ N+ ] ( = O ) [ O- ] ) [ N+ ] ( = O ) [ O- ] ) N c 1 c c c c c 1,0,5.243
148,COCCCNc1nc(NCCCOC)c(c(c1/N=N/c1ccc(cc1Cl)/N=N/c1ccccc1)C)C#N,C O C C C N c 1 n c ( N C C C O C ) c ( c ( c 1 / N = N / c 1 c c c ( c c 1 Cl ) / N = N / c 1 c c c c c 1 ) C ) C # N,0,5.194
149,Brc1cc(Cl)c2c(c1)C(=O)/C(=C\1/Nc3c(C1=O)cc(cc3Br)Br)/N2,Br c 1 c c ( Cl ) c 2 c ( c 1 ) C ( = O ) / C ( = C \ 1 / N c 3 c ( C 1 = O ) c c ( c c 3 Br ) Br ) / N 2,0,5.145
150,O=C=NCCCCCCN(C(=O)NCCCCCCN=C=O)C(=O)NCCCCCCNC(=O)SCCC[Si](OC)(OC)OC,O = C = N C C C C C C N ( C ( = O ) N C C C C C C N = C = O ) C ( = O ) N C C C C C C N C ( = O ) S C C C [ Si ] ( O C ) ( O C ) O C,0,5.311
151,CCCCn1c(O)c(N=Nc2ccc(cc2[N+](=O)[O-])C(=O)c2ccc(cc2)Cl)c(c(c1=O)C#N)C,C C C C n 1 c ( O ) c ( N = N c 2 c c c ( c c 2 [ N+ ] ( = O ) [ O- ] ) C ( = O ) c 2 c c c ( c c 2 ) Cl ) c ( c ( c 1 = O ) C # N ) C,0,5.287
152,COc1cc(N=Nc2ccccc2OC)c(cc1N=Nc1ccc(cc1)O)C,C O c 1 c c ( N = N c 2 c c c c c 2 O C ) c ( c c 1 N = N c 1 c c c ( c c 1 ) O ) C,0,5.017
153,CCOc1ccccc1NC(=O)c1cc2ccccc2c(c1O)N=Nc1ccccc1[N+](=O)[O-],C C O c 1 c c c c c 1 N C ( = O ) c 1 c c 2 c c c c c 2 c ( c 1 O ) N = N c 1 c c c c c 1 [ N+ ] ( = O ) [ O- ],0,5.244
154,Clc1cccc(c1)CCCc1ccccn1,Cl c 1 c c c c ( c 1 ) C C C c 1 c c c c n 1,0,4.659
155,C[Si](O[Si](C)(C)C)(O[Si](C)(C)C)C,C [ Si ] ( O [ Si ] ( C ) ( C ) C ) ( O [ Si ] ( C ) ( C ) C ) C,0,5.419
156,Cc1ccc(c(c1)C)/N=N/C1C(=NN(C1=O)c1ccccc1)C,C c 1 c c c ( c ( c 1 ) C ) / N = N / C 1 C ( = N N ( C 1 = O ) c 1 c c c c c 1 ) C,0,5.035
157,CCCC[Sn](CCCC)(CCCC)F,C C C C [ S n ] ( C C C C ) ( C C C C ) F,0,5.262
158,CCCC[Sn](OC(=O)c1ccccc1O)(CCCC)CCCC,C C C C [ S n ] ( O C ( = O ) c 1 c c c c c 1 O ) ( C C C C ) C C C C,0,5.363
159,CCCC[Sn](CCCC)CCCC,C C C C [ S n ] ( C C C C ) C C C C,0,4.496
160,c1ccc(cc1)[Bi](c1ccccc1)c1ccccc1,c 1 c c c ( c c 1 ) [ B i ] ( c 1 c c c c c 1 ) c 1 c c c c c 1,0,5.136
161,CCCC[Sn](OC(=O)C=CC(=O)O)(CCCC)CCCC,C C C C [ S n ] ( O C ( = O ) C = C C ( = O ) O ) ( C C C C ) C C C C,0,5.351
162,CCCC[Sn](CCCC)(CCCC)Cl,C C C C [ S n ] ( C C C C ) ( C C C C ) Cl,0,5.262
163,F[Sn](c1ccccc1)(c1ccccc1)c1ccccc1,F [ S n ] ( c 1 c c c c c 1 ) ( c 1 c c c c c 1 ) c 1 c c c c c 1,0,5.665
164,CCCC[Sn](O[Sn](CCCC)(CCCC)CCCC)(CCCC)CCCC,C C C C [ S n ] ( O [ S n ] ( C C C C ) ( C C C C ) C C C C ) ( C C C C ) C C C C,0,5.509
165,CCCCCCCCC(C(=O)O[Sn](CCCC)(CCCC)CCCC)CC(=O)O[Sn](CCCC)(CCCC)CCCC,C C C C C C C C C ( C ( = O ) O [ S n ] ( C C C C ) ( C C C C ) C C C C ) C C ( = O ) O [ S n ] ( C C C C ) ( C C C C ) C C C C,0,5.362
166,CCCC(CCC(CC(C(CCC(CCC(C(CC(Cl)C)Cl)Cl)Cl)Cl)Cl)Cl)Cl,C C C C ( C C C ( C C ( C ( C C C ( C C C ( C ( C C ( Cl ) C ) Cl ) Cl ) Cl ) Cl ) Cl ) Cl ) Cl,0,4.772
167,C[Si](O[Si](C)(C)C)(C)C,C [ Si ] ( O [ Si ] ( C ) ( C ) C ) ( C ) C,0,5.303
168,CCC(CCC(C(CC(C(C(CCl)Cl)Cl)Cl)Cl)Cl)Cl,C C C ( C C C ( C ( C C ( C ( C ( C Cl ) Cl ) Cl ) Cl ) Cl ) Cl ) Cl,0,4.926
170,OP=O,O P = O,0,3.0
171,CCOCCCCCCCCC(C(C(C)C)C)C(CCN)C,C C O C C C C C C C C C ( C ( C ( C ) C ) C ) C ( C C N ) C,0,5.011
172,CCCCCC,C C C C C C,0,3.732
173,CCCCCCCC=C,C C C C C C C C = C,0,3.879
174,CCCCCl,C C C C Cl,0,3.618
175,CCCCCCCC\C=C/CCCCCCCCN,C C C C C C C C \ C = C / C C C C C C C C N,0,3.973
176,c1ccc2ccccc2c1,c 1 c c c 2 c c c c c 2 c 1,0,4.861
177,CC(C)c1ccc2ccccc2c1,C C ( C ) c 1 c c c 2 c c c c c 2 c 1,0,4.963
178,Cc1cccc(c1)c2ccccc2,C c 1 c c c c ( c 1 ) c 2 c c c c c 2,0,4.881
179,ClC(Cl)C(Cl)Cl,Cl C ( Cl ) C ( Cl ) Cl,0,4.562
180,ClC(Cl)C(Cl)C(Cl)Cl,Cl C ( Cl ) C ( Cl ) C ( Cl ) Cl,0,4.814
181,OS(=O)(=O)c1cccc(c1)S(=O)(=O)O,O S ( = O ) ( = O ) c 1 c c c c ( c 1 ) S ( = O ) ( = O ) O,0,5.382
182,OC(=O)c1cccc(c1)S(=O)(=O)O,O C ( = O ) c 1 c c c c ( c 1 ) S ( = O ) ( = O ) O,0,5.323
183,CC(C)c1ccc2c(ccc(c2c1)S(=O)(=O)O)C(C)C,C C ( C ) c 1 c c c 2 c ( c c c ( c 2 c 1 ) S ( = O ) ( = O ) O ) C ( C ) C,0,5.433
184,Nc1cccc(c1)S(=O)(=O)O,N c 1 c c c c ( c 1 ) S ( = O ) ( = O ) O,0,5.318
185,Nc1ccc(cc1)S(=O)(=O)O,N c 1 c c c ( c c 1 ) S ( = O ) ( = O ) O,0,5.313
186,CCCCCCCCCCCCc1cc(Oc2ccc(cc2)S(=O)(=O)O)cc(c1)S(=O)(=O)O,C C C C C C C C C C C C c 1 c c ( O c 2 c c c ( c c 2 ) S ( = O ) ( = O ) O ) c c ( c 1 ) S ( = O ) ( = O ) O,0,5.332
187,Nc1cccc2cccc(c12)S(=O)(=O)O,N c 1 c c c c 2 c c c c ( c 1 2 ) S ( = O ) ( = O ) O,0,5.431
188,CC(=O)Nc1ccc(cc1)S(=O)(=O)O,C C ( = O ) N c 1 c c c ( c c 1 ) S ( = O ) ( = O ) O,0,5.313
189,OS(=O)c1ccccc1,O S ( = O ) c 1 c c c c c 1,0,4.732
190,CCCCc1ccc2ccc(cc2c1)S(=O)(=O)O,C C C C c 1 c c c 2 c c c ( c c 2 c 1 ) S ( = O ) ( = O ) O,0,5.33
191,OS(=O)(=O)c1cccc(c1)N(=O)=O,O S ( = O ) ( = O ) c 1 c c c c ( c 1 ) N ( = O ) = O,0,5.323
192,OS(=O)(=O)c1ccc(cc1)N(=O)=O,O S ( = O ) ( = O ) c 1 c c c ( c c 1 ) N ( = O ) = O,0,5.315
193,Nc1c(Cl)cc(cc1S(=O)(=O)O)c2cc(Cl)c(N)c(c2)S(=O)(=O)O,N c 1 c ( Cl ) c c ( c c 1 S ( = O ) ( = O ) O ) c 2 c c ( Cl ) c ( N ) c ( c 2 ) S ( = O ) ( = O ) O,0,5.423
194,OS(=O)(=O)CC=C,O S ( = O ) ( = O ) C C = C,0,5.097
195,CC#CC,C C # C C,0,3.414
196,C(Oc1ccccc1)C2CO2,C ( O c 1 c c c c c 1 ) C 2 C O 2,0,4.543
197,C=CCOCC1CO1,C = C C O C C 1 C O 1,0,4.233
198,CC(C)(C)C(=O)O,C C ( C ) ( C ) C ( = O ) O,0,5.262
199,COC(C)(C)C,C O C ( C ) ( C ) C,0,5.086
200,CC(=CC1C(C(=O)OCc2coc(Cc3ccccc3)c2)C1(C)C)C,C C ( = C C 1 C ( C ( = O ) O C c 2 c o c ( C c 3 c c c c c 3 ) c 2 ) C 1 ( C ) C ) C,0,5.216
201,BrCCCCBr,Br C C C C Br,0,3.732
202,ClCC(Br)CBr,Cl C C ( Br ) C Br,0,4.303
203,[O-][N+](=O)c1c(Cl)cc(Cl)cc1Cl,[ O- ] [ N+ ] ( = O ) c 1 c ( Cl ) c c ( Cl ) c c 1 Cl,0,5.096
204,[O-][N+](=O)c1c(Cl)c(Cl)c(Cl)c(Cl)c1Cl,[ O- ] [ N+ ] ( = O ) c 1 c ( Cl ) c ( Cl ) c ( Cl ) c ( Cl ) c 1 Cl,0,5.294
205,[O-][N+](=O)c1ccc(Cl)cc1,[ O- ] [ N+ ] ( = O ) c 1 c c c ( Cl ) c c 1,0,4.77
206,[O-][N+](=O)c1cccc(Cl)c1,[ O- ] [ N+ ] ( = O ) c 1 c c c c ( Cl ) c 1,0,4.796
207,[O-][N+](=O)c1ccc(cc1)[N+](=O)[O-],[ O- ] [ N+ ] ( = O ) c 1 c c c ( c c 1 ) [ N+ ] ( = O ) [ O- ],0,4.842
208,CC(O)(CCO)CCO,C C ( O ) ( C C O ) C C O,0,5.182
209,OCCCOCCCO,O C C C O C C C O,0,3.879
210,CCC(=NO)C,C C C ( = N O ) C,0,4.303
211,CCOc1ccc(N)cc1,C C O c 1 c c c ( N ) c c 1,0,4.616
212,Nc1cccc(O)c1,N c 1 c c c c ( O ) c 1,0,4.596
213,COc1ccc(Nc2ccc(OC)cc2)cc1,C O c 1 c c c ( N c 2 c c c ( O C ) c c 2 ) c c 1,0,4.749
214,Nc1ccccc1O,N c 1 c c c c c 1 O,0,4.732
215,COc1cc(ccc1N)c2ccc(N)c(OC)c2,C O c 1 c c ( c c c 1 N ) c 2 c c c ( N ) c ( O C ) c 2,0,5.012
216,Cc1cc(C)c(N)c(C)c1,C c 1 c c ( C ) c ( N ) c ( C ) c 1,0,4.97
217,Cc1ccc(N)cc1C,C c 1 c c c ( N ) c c 1 C,0,4.807
218,Cc1ccc(N)c(C)c1,C c 1 c c c ( N ) c ( C ) c 1,0,4.807
219,COc1c(N)cccc1N(=O)=O,C O c 1 c ( N ) c c c c 1 N ( = O ) = O,0,5.06
220,Cc1cc(N)ccc1Cl,C c 1 c c ( N ) c c c 1 Cl,0,4.807
221,Cc1cc(Cl)ccc1N,C c 1 c c ( Cl ) c c c 1 N,0,4.807
222,Cc1cc(C)c(N)c(Cl)c1,C c 1 c c ( C ) c ( N ) c ( Cl ) c 1,0,4.97
223,CCS,C C S,0,3.0
224,O=C1OC(=O)C2CCCCC12,O = C 1 O C ( = O ) C 2 C C C C C 1 2,0,4.982
225,CCCCCCCCCCCCCCCCCCC1CC(=O)OC1=O,C C C C C C C C C C C C C C C C C C C 1 C C ( = O ) O C 1 = O,0,4.724
226,CC1OC(C)OC(C)O1,C C 1 O C ( C ) O C ( C ) O 1,0,4.732
227,Cc1ccc2nc3SC(=O)Sc3nc2c1,C c 1 c c c 2 n c 3 S C ( = O ) S c 3 n c 2 c 1,0,5.046
228,CC(C)(C)NSc1nc2ccccc2s1,C C ( C ) ( C ) N S c 1 n c 2 c c c c c 2 s 1,0,5.104
229,ClC(Cl)(Cl)SN1C(=O)C2CC=CCC2C1=O,Cl C ( Cl ) ( Cl ) S N 1 C ( = O ) C 2 C C = C C C 2 C 1 = O,0,5.188
230,ClN1C(=O)N(Cl)C(=O)N(Cl)C1=O,Cl N 1 C ( = O ) N ( Cl ) C ( = O ) N ( Cl ) C 1 = O,0,5.236
231,O=C1C=CC(=O)N1c2ccccc2,O = C 1 C = C C ( = O ) N 1 c 2 c c c c c 2,0,5.054
232,CCOCC,C C O C C,0,3.618
233,CC(C)c1ccccc1C(C)C,C C ( C ) c 1 c c c c c 1 C ( C ) C,0,5.04
234,CC(C)c1cccc(C)c1,C C ( C ) c 1 c c c c ( C ) c 1,0,4.796
235,CC(C)c1ccc(cc1)C(C)C,C C ( C ) c 1 c c c ( c c 1 ) C ( C ) C,0,4.842
236,CC(C)c1cc2ccccc2c(C(C)C)c1C(C)C,C C ( C ) c 1 c c 2 c c c c c 2 c ( C ( C ) C ) c 1 C ( C ) C,0,5.335
237,CC(C)c1ccc2ccccc2c1C(C)C,C C ( C ) c 1 c c c 2 c c c c c 2 c 1 C ( C ) C,0,5.234
238,CC(CC(c1ccccc1)c2ccc(C)c(C)c2)c3ccccc3,C C ( C C ( c 1 c c c c c 1 ) c 2 c c c ( C ) c ( C ) c 2 ) c 3 c c c c c 3,0,5.074
239,CCc1ccccc1CC,C C c 1 c c c c c 1 C C,0,4.828
240,ClC1=C(Cl)C(Cl)(Cl)C(=C1Cl)Cl,Cl C 1 = C ( Cl ) C ( Cl ) ( Cl ) C ( = C 1 Cl ) Cl,0,5.475
241,N#CSCSC#N,N # C S C S C # N,0,3.802
242,CCCCC(CC)COC(=O)c1ccc(C(=O)OCC(CC)CCCC)c(c1)C(=O)OCC(CC)CCCC,C C C C C ( C C ) C O C ( = O ) c 1 c c c ( C ( = O ) O C C ( C C ) C C C C ) c ( c 1 ) C ( = O ) O C C ( C C ) C C C C,0,5.122
243,CCCCCc1ccc2C(=O)c3ccccc3C(=O)c2c1,C C C C C c 1 c c c 2 C ( = O ) c 3 c c c c c 3 C ( = O ) c 2 c 1,0,5.319
244,CCCCCCCCCCCCCCCCCCCCCCCCCCCC(=O)OCCO,C C C C C C C C C C C C C C C C C C C C C C C C C C C C ( = O ) O C C O,0,4.38
245,CC(C)(c1cc(Br)c(OCCO)c(Br)c1)c2cc(Br)c(OCCO)c(Br)c2,C C ( C ) ( c 1 c c ( Br ) c ( O C C O ) c ( Br ) c 1 ) c 2 c c ( Br ) c ( O C C O ) c ( Br ) c 2,0,5.535
246,CCCCCCCCCCCCCOP(OC1CCCCC1)OC2CCCCC2,C C C C C C C C C C C C C O P ( O C 1 C C C C C 1 ) O C 2 C C C C C 2,0,4.733
247,CCCC[Sn](CCCC)(CCCC)OC(=O)C(Br)C(Br)C(=O)O[Sn](CCCC)(CCCC)CCCC,C C C C [ S n ] ( C C C C ) ( C C C C ) O C ( = O ) C ( Br ) C ( Br ) C ( = O ) O [ S n ] ( C C C C ) ( C C C C ) C C C C,0,5.372
248,CCCCCCCCCc1ccc(OP(Oc2ccc(CCCCCCCCC)cc2)Oc3ccc(CCCCCCCCC)cc3)cc1,C C C C C C C C C c 1 c c c ( O P ( O c 2 c c c ( C C C C C C C C C ) c c 2 ) O c 3 c c c ( C C C C C C C C C ) c c 3 ) c c 1,0,4.815
249,C=CCOP(=O)(OCC=C)OCC=C,C = C C O P ( = O ) ( O C C = C ) O C C = C,0,5.262
250,CCCCOP(=O)(OCCCC)OCCCC,C C C C O P ( = O ) ( O C C C C ) O C C C C,0,5.262
251,Cc1ccc(OP(=O)(Oc2ccccc2)Oc3ccccc3)cc1,C c 1 c c c ( O P ( = O ) ( O c 2 c c c c c 2 ) O c 3 c c c c c 3 ) c c 1,0,5.331
252,CC(CCl)OP(=O)(OCCOCCOP(=O)(OC(C)CCl)OC(C)CCl)OC(C)CCl,C C ( C Cl ) O P ( = O ) ( O C C O C C O P ( = O ) ( O C ( C ) C Cl ) O C ( C ) C Cl ) O C ( C ) C Cl,0,5.303
253,OC(C(F)(F)F)C(F)(F)F,O C ( C ( F ) ( F ) F ) C ( F ) ( F ) F,0,5.529
254,FC(=C(F)OC(F)(F)C(F)(F)C(F)(F)F)F,F C ( = C ( F ) O C ( F ) ( F ) C ( F ) ( F ) C ( F ) ( F ) F ) F,0,5.946
255,CC(O)CN(CC(C)O)CC(C)O,C C ( O ) C N ( C C ( C ) O ) C C ( C ) O,0,4.675
256,CCCCCCCCN(CCCCCCCC)CCCCCCCC,C C C C C C C C N ( C C C C C C C C ) C C C C C C C C,0,4.5
257,CCCCCCCCCCCCCCCCCCN(C)C,C C C C C C C C C C C C C C C C C C N ( C ) C,0,4.236
258,OC(=O)CN(CCN(CC(=O)O)CC(=O)O)CC(=O)O,O C ( = O ) C N ( C C N ( C C ( = O ) O ) C C ( = O ) O ) C C ( = O ) O,0,4.691
259,CC(O)COCC(C)O,C C ( O ) C O C C ( C ) O,0,4.303
260,CCl,C Cl,0,2.0
261,CBr,C Br,0,2.0
262,ClC=CCl,Cl C = C Cl,0,3.414
263,Sc1ccccc1,S c 1 c c c c c 1,0,4.414
264,Sc1cccc2ccccc12,S c 1 c c c c 2 c c c c c 1 2,0,5.003
265,CC1(C)CC(CC(C)(CN=C=O)C1)N=C=O,C C 1 ( C ) C C ( C C ( C ) ( C N = C = O ) C 1 ) N = C = O,0,5.468
266,O=C=NC1CCC(CC2CCC(CC2)N=C=O)CC1,O = C = N C 1 C C C ( C C 2 C C C ( C C 2 ) N = C = O ) C C 1,0,4.753
267,O=C=Nc1ccc(Cc2ccc(cc2)N=C=O)cc1,O = C = N c 1 c c c ( C c 2 c c c ( c c 2 ) N = C = O ) c c 1,0,4.753
268,CC(C)CC(C)(N=NC(C)(CC(C)C)C#N)C#N,C C ( C ) C C ( C ) ( N = N C ( C ) ( C C ( C ) C ) C # N ) C # N,0,5.337
269,CCN(CC)C(=O)c1cccc(C)c1,C C N ( C C ) C ( = O ) c 1 c c c c ( C ) c 1,0,4.971
270,CC(C)(c1ccc(OC#N)cc1)c2ccc(OC#N)cc2,C C ( C ) ( c 1 c c c ( O C # N ) c c 1 ) c 2 c c c ( O C # N ) c c 2,0,5.512
271,ClCc1ccc(Cl)cc1,Cl C c 1 c c c ( Cl ) c c 1,0,4.607
272,Clc1cc(Cl)cc(Cl)c1,Cl c 1 c c ( Cl ) c c ( Cl ) c 1,0,4.732
273,Clc1ccccc1,Cl c 1 c c c c c 1,0,4.414
274,Clc1ccc(Cl)c(Cl)c1,Cl c 1 c c c ( Cl ) c ( Cl ) c 1,0,4.807
275,FC(F)(F)c1cccc(Cl)c1,F C ( F ) ( F ) c 1 c c c c ( Cl ) c 1,0,5.318
276,Clc1cccc(Cl)c1C=O,Cl c 1 c c c c ( Cl ) c 1 C = O,0,4.954
277,Clc1cnc(Cl)c(Cl)c1,Cl c 1 c n c ( Cl ) c ( Cl ) c 1,0,4.807
278,CC(=O)c1ccccc1Cl,C C ( = O ) c 1 c c c c c 1 Cl,0,4.923
279,Clc1ccc(cc1Cl)N=C=O,Cl c 1 c c c ( c c 1 Cl ) N = C = O,0,4.828
280,N#Cc1cccc(c1)C#N,N # C c 1 c c c c ( c 1 ) C # N,0,4.679
281,CN(C)c1ccc(cc1)C(=O)c2ccc(cc2)N(C)C,C N ( C ) c 1 c c c ( c c 1 ) C ( = O ) c 2 c c c ( c c 2 ) N ( C ) C,0,5.0
282,CCCCCCCCc1cccc(Nc2cccc(CCCCCCCC)c2)c1,C C C C C C C C c 1 c c c c ( N c 2 c c c c ( C C C C C C C C ) c 2 ) c 1,0,4.792
283,CCCl,C C Cl,0,3.0
284,CC(=C)C=C,C C ( = C ) C = C,0,4.17
285,ClCC(Cl)Cl,Cl C C ( Cl ) Cl,0,4.17
286,OCNC(=O)C=C,O C N C ( = O ) C = C,0,4.334
287,CC(N)c1ccccc1,C C ( N ) c 1 c c c c c 1,0,4.732
288,CC(C)(NNC(C)(C)C#N)C#N,C C ( C ) ( N N C ( C ) ( C ) C # N ) C # N,0,5.248
289,C1CN(CCO1)Sc2nc3ccccc3s2,C 1 C N ( C C O 1 ) S c 2 n c 3 c c c c c 3 s 2,0,4.802
290,Oc1cccc(Cc2ccccc2O)c1,O c 1 c c c c ( C c 2 c c c c c 2 O ) c 1,0,4.858
291,CC(c1ccccc1)c2ccccc2O,C C ( c 1 c c c c c 1 ) c 2 c c c c c 2 O,0,5.055
292,OC(=O)c1cc2ccccc2cc1O,O C ( = O ) c 1 c c 2 c c c c c 2 c c 1 O,0,5.073
293,Cc1cc(O)c(C)c(C)c1O,C c 1 c c ( O ) c ( C ) c ( C ) c 1 O,0,5.119
294,CC(c1ccccc1)c2cc(C(C)c3ccccc3)c(cc2O)C(C)c4ccccc4,C C ( c 1 c c c c c 1 ) c 2 c c ( C ( C ) c 3 c c c c c 3 ) c ( c c 2 O ) C ( C ) c 4 c c c c c 4,0,5.252
295,CCC(C)c1cccc(C(C)CC)c1O,C C C ( C ) c 1 c c c c ( C ( C ) C C ) c 1 O,0,5.121
296,CC(c1ccccc1)c2ccc(O)cc2,C C ( c 1 c c c c c 1 ) c 2 c c c ( O ) c c 2,0,4.971
297,Oc1ccc(cc1)c2ccccc2,O c 1 c c c ( c c 1 ) c 2 c c c c c 2,0,4.863
298,O=Cc1cccc(Oc2ccccc2)c1,O = C c 1 c c c c ( O c 2 c c c c c 2 ) c 1,0,4.751
299,Brc1ccc(Oc2cc(Br)c(Br)c(Br)c2Br)cc1Br,Br c 1 c c c ( O c 2 c c ( Br ) c ( Br ) c ( Br ) c 2 Br ) c c 1 Br,0,5.145
300,Cc1ccc(Cl)cc1O,C c 1 c c c ( Cl ) c c 1 O,0,4.807
301,CC(C)(C)c1ccccc1O,C C ( C ) ( C ) c 1 c c c c c 1 O,0,5.366
302,Cc1ccc(O)cc1Cl,C c 1 c c c ( O ) c c 1 Cl,0,4.807
303,CCC(C)c1cc(c(O)c(c1)C(C)(C)C)C(C)(C)C,C C C ( C ) c 1 c c ( c ( O ) c ( c 1 ) C ( C ) ( C ) C ) C ( C ) ( C ) C,0,5.494
304,CCc1ccc2C(=O)c3ccccc3C(=O)c2c1,C C c 1 c c c 2 C ( = O ) c 3 c c c c c 3 C ( = O ) c 2 c 1,0,5.319
305,Cc1cc(c(O)c(c1)C(C)(C)C)C(C)(C)C,C c 1 c c ( c ( O ) c ( c 1 ) C ( C ) ( C ) C ) C ( C ) ( C ) C,0,5.488
306,O=P(Oc1ccccc1)(Oc2ccccc2)Oc3ccccc3c4ccccc4,O = P ( O c 1 c c c c c 1 ) ( O c 2 c c c c c 2 ) O c 3 c c c c c 3 c 4 c c c c c 4,0,5.346
307,CC(C)(C)c1ccc(O)cc1,C C ( C ) ( C ) c 1 c c c ( O ) c c 1,0,5.313
308,CCN(CC)c1ccc2c(Oc3cc(ccc3C24OC(=O)c5ccccc45)N(CC)CC)c1,C C N ( C C ) c 1 c c c 2 c ( O c 3 c c ( c c c 3 C 2 4 O C ( = O ) c 5 c c c c c 4 5 ) N ( C C ) C C ) c 1,0,5.772
309,CC1=NN(C(=O)C1)c2ccccc2,C C 1 = N N ( C ( = O ) C 1 ) c 2 c c c c c 2,0,4.95
310,CC(Br)C(=O)NC1=C(C)N(C)N(C1=O)c2ccccc2,C C ( Br ) C ( = O ) N C 1 = C ( C ) N ( C ) N ( C 1 = O ) c 2 c c c c c 2,0,5.093
311,Cc1ccc(c(O)c1)N(=O)=O,C c 1 c c c ( c ( O ) c 1 ) N ( = O ) = O,0,4.958
312,Nc1n[nH]c(S)n1,N c 1 n [ n H ] c ( S ) n 1,0,4.414
313,Nc1ccc(Nc2ccccc2)cc1,N c 1 c c c ( N c 2 c c c c c 2 ) c c 1,0,4.709
314,N(c1ccc(Nc2ccc3ccccc3c2)cc1)c4ccc5ccccc5c4,N ( c 1 c c c ( N c 2 c c c 3 c c c c c 3 c 2 ) c c 1 ) c 4 c c c 5 c c c c c 5 c 4,0,4.941
315,O(c1ccccc1)c2nc(Oc3ccccc3)nc(Oc4ccccc4)n2,O ( c 1 c c c c c 1 ) c 2 n c ( O c 3 c c c c c 3 ) n c ( O c 4 c c c c c 4 ) n 2,0,4.893
316,Clc1ccc(C(=O)OOC(=O)c2ccc(Cl)cc2Cl)c(Cl)c1,Cl c 1 c c c ( C ( = O ) O O C ( = O ) c 2 c c c ( Cl ) c c 2 Cl ) c ( Cl ) c 1,0,5.005
317,O=Nc1ccc(Nc2ccccc2)cc1,O = N c 1 c c c ( N c 2 c c c c c 2 ) c c 1,0,4.722
318,Clc1ccc(C=C)cc1,Cl c 1 c c c ( C = C ) c c 1,0,4.607
319,Clc1cccc(C=C)c1,Cl c 1 c c c c ( C = C ) c 1,0,4.642
320,C=Cc1cccc(C=C)c1,C = C c 1 c c c c ( C = C ) c 1,0,4.679
321,Clc1ccccc1C=C,Cl c 1 c c c c c 1 C = C,0,4.783
322,Brc1ccccc1,Br c 1 c c c c c 1,0,4.414
323,Brc1c(Br)c(Br)c(Br)c(Br)c1Br,Br c 1 c ( Br ) c ( Br ) c ( Br ) c ( Br ) c 1 Br,0,5.236
324,C[Si](C)(C)N[Si](C)(C)C,C [ Si ] ( C ) ( C ) N [ Si ] ( C ) ( C ) C,0,5.303
325,OC(=O)[C@@H]1CC=CC[C@@H]1C(=O)O,O C ( = O ) [ C @ @ H ] 1 C C = C C [ C @ @ H ] 1 C ( = O ) O,0,5.04
326,OC(=O)C1CC=CCC1C(=O)O,O C ( = O ) C 1 C C = C C C 1 C ( = O ) O,0,5.04
327,NCCNCCNCCNCCNCCN,N C C N C C N C C N C C N C C N,0,3.962
328,NCc1cccc(CN)c1,N C c 1 c c c c ( C N ) c 1,0,4.679
329,CCc1cccc(C=C)c1,C C c 1 c c c c ( C = C ) c 1,0,4.679
330,CCc1ccc(C=C)cc1,C C c 1 c c c ( C = C ) c c 1,0,4.641
331,CCc1ccc(cc1)c2cccc(CC)c2,C C c 1 c c c ( c c 1 ) c 2 c c c c ( C C ) c 2,0,4.908
332,CCc1cccc(c1)c2cc(CC)cc(CC)c2,C C c 1 c c c c ( c 1 ) c 2 c c ( C C ) c c ( C C ) c 2,0,4.974
333,COC(=O)CCl,C O C ( = O ) C Cl,0,4.303
334,CCN(CC)CC,C C N ( C C ) C C,0,4.414
335,Cl[C@@H]1[C@H](Cl)[C@@H](Cl)[C@H](Cl)[C@@H](Cl)[C@@H]1Cl,Cl [ C @ @ H ] 1 [ C @ H ] ( Cl ) [ C @ @ H ] ( Cl ) [ C @ H ] ( Cl ) [ C @ @ H ] ( Cl ) [ C @ @ H ] 1 Cl,0,5.236
336,FC(F)(F)c1ccccc1,F C ( F ) ( F ) c 1 c c c c c 1,0,5.31
337,ClCS(=O)(=O)Nc1cc(Cl)c(Cl)c(Cl)c1Oc2cccc(Cl)c2,Cl C S ( = O ) ( = O ) N c 1 c c ( Cl ) c ( Cl ) c ( Cl ) c 1 O c 2 c c c c ( Cl ) c 2,0,5.273
338,ClC1=C(Cl)C(=O)c2ccccc2C1=O,Cl C 1 = C ( Cl ) C ( = O ) c 2 c c c c c 2 C 1 = O,0,5.276
339,Cc1ccc2Nc3cc4C(=O)c5cc(C)ccc5Nc4cc3C(=O)c2c1,C c 1 c c c 2 N c 3 c c 4 C ( = O ) c 5 c c ( C ) c c c 5 N c 4 c c 3 C ( = O ) c 2 c 1,0,5.306
340,CCCCCCCCCc1ccc(OCCOCCOCCOCCOCCOCCOS(=O)(=O)O)cc1,C C C C C C C C C c 1 c c c ( O C C O C C O C C O C C O C C O C C O S ( = O ) ( = O ) O ) c c 1,0,5.098
341,Cc1cc(Br)c(Br)c(OCC2CO2)c1,C c 1 c c ( Br ) c ( Br ) c ( O C C 2 C O 2 ) c 1,0,5.002
342,OC(=O)c1ccccc1I,O C ( = O ) c 1 c c c c c 1 I,0,4.923
343,C1N2CN3CN(CN1C3)C2,C 1 N 2 C N 3 C N ( C N 1 C 3 ) C 2,0,5.0
344,CN(C)CCCN(CCCN(C)C)CCCN(C)C,C N ( C ) C C C N ( C C C N ( C ) C ) C C C N ( C ) C,0,4.519
345,Nc1cc(ccc1Cl)C(=O)O,N c 1 c c ( c c c 1 Cl ) C ( = O ) O,0,4.895
346,CC(C)[C@@H]1CC[C@@H](C)C[C@H]1O,C C ( C ) [ C @ @ H ] 1 C C [ C @ @ H ] ( C ) C [ C @ H ] 1 O,0,4.958
347,CCCCc1ccccc1,C C C C c 1 c c c c c 1,0,4.521
348,CCSC(=O)N(CC)C1CCCCC1,C C S C ( = O ) N ( C C ) C 1 C C C C C 1,0,4.968
349,ClC(Br)Br,Cl C ( Br ) Br,0,4.0
350,Nc1cc(Cl)cc(C(=O)O)c1Cl,N c 1 c c ( Cl ) c c ( C ( = O ) O ) c 1 Cl,0,5.071
351,CC(C)Nc1nc(Cl)nc(NC(C)C)n1,C C ( C ) N c 1 n c ( Cl ) n c ( N C ( C ) C ) n 1,0,4.832
352,Nc1cccc(N)n1,N c 1 c c c c ( N ) n 1,0,4.596
353,CN(C)C(=O)Nc1ccc(C)c(Cl)c1,C N ( C ) C ( = O ) N c 1 c c c ( C ) c ( Cl ) c 1,0,4.862
354,OC1=CC=CNC1=O,O C 1 = C C = C N C 1 = O,0,4.732
355,Clc1cc2Oc3cc(Cl)c(Cl)cc3Oc2cc1Cl,Cl c 1 c c 2 O c 3 c c ( Cl ) c ( Cl ) c c 3 O c 2 c c 1 Cl,0,5.135
356,CCCN(CCC)c1c(cc(cc1[N+](=O)[O-])S(=O)(=O)N)[N+](=O)[O-],C C C N ( C C C ) c 1 c ( c c ( c c 1 [ N+ ] ( = O ) [ O- ] ) S ( = O ) ( = O ) N ) [ N+ ] ( = O ) [ O- ],0,5.386
357,CN(C)C(=O)Nc1ccc(Oc2ccc(Cl)cc2)cc1,C N ( C ) C ( = O ) N c 1 c c c ( O c 2 c c c ( Cl ) c c 2 ) c c 1,0,4.788
358,NC(=O)c1c(Cl)cccc1Cl,N C ( = O ) c 1 c ( Cl ) c c c c 1 Cl,0,5.063
359,c1ccc2c(c1)c3cccc4cccc2c34,c 1 c c c 2 c ( c 1 ) c 3 c c c c 4 c c c c 2 c 3 4,0,5.157
360,c1ccc2cc3c(cc2c1)c4cccc5cccc3c45,c 1 c c c 2 c c 3 c ( c c 2 c 1 ) c 4 c c c c 5 c c c c 3 c 4 5,0,5.157
361,CCC(O)OC(O)CC,C C C ( O ) O C ( O ) C C,0,4.523
362,Clc1ccc(Cl)c(c1)c2cc(Cl)ccc2Cl,Cl c 1 c c c ( Cl ) c ( c 1 ) c 2 c c ( Cl ) c c c 2 Cl,0,5.115
363,Brc1ccc(c(Br)c1Br)c2ccc(Br)c(Br)c2Br,Br c 1 c c c ( c ( Br ) c 1 Br ) c 2 c c c ( Br ) c ( Br ) c 2 Br,0,5.223
364,Oc1ccccc1F,O c 1 c c c c c 1 F,0,4.732
365,OC(=O)C1CC(C(C1C(=O)O)C(=O)O)C(=O)O,O C ( = O ) C 1 C C ( C ( C 1 C ( = O ) O ) C ( = O ) O ) C ( = O ) O,0,5.199
366,Nc1cccnc1N,N c 1 c c c n c 1 N,0,4.732
367,OC(=O)c1cccc(Cl)n1,O C ( = O ) c 1 c c c c ( Cl ) n 1,0,4.796
368,CCCN(CCC)c1c(cc(cc1[N+](=O)[O-])S(=O)(=O)C)[N+](=O)[O-],C C C N ( C C C ) c 1 c ( c c ( c c 1 [ N+ ] ( = O ) [ O- ] ) S ( = O ) ( = O ) C ) [ N+ ] ( = O ) [ O- ],0,5.386
369,OC(=O)c1c(Cl)cccc1Cl,O C ( = O ) c 1 c ( Cl ) c c c c 1 Cl,0,5.063
370,OC(=O)c1cc(Cl)ccc1Cl,O C ( = O ) c 1 c c ( Cl ) c c c 1 Cl,0,4.965
371,Nc1c(Cl)c(Cl)c(Cl)c(Cl)c1Cl,N c 1 c ( Cl ) c ( Cl ) c ( Cl ) c ( Cl ) c 1 Cl,0,5.236
372,Oc1ccccc1I,O c 1 c c c c c 1 I,0,4.732
373,Oc1ccc(I)cc1,O c 1 c c c ( I ) c c 1,0,4.562
374,BrC=CBr,Br C = C Br,0,3.414
375,CCN(CC)N=O,C C N ( C C ) N = O,0,4.414
376,CCCCN(C)C(=O)Nc1ccc(Cl)c(Cl)c1,C C C C N ( C ) C ( = O ) N c 1 c c c ( Cl ) c ( Cl ) c 1,0,4.871
377,Cc1ccc2cc3c(ccc4ccccc34)c5CCc1c25,C c 1 c c c 2 c c 3 c ( c c c 4 c c c c c 3 4 ) c 5 C C c 1 c 2 5,0,5.343
378,COc1c(O)cc(Cl)c(Cl)c1Cl,C O c 1 c ( O ) c c ( Cl ) c ( Cl ) c 1 Cl,0,5.141
379,COCC(=O)N(C(C)C(=O)OC)c1c(C)cccc1C,C O C C ( = O ) N ( C ( C ) C ( = O ) O C ) c 1 c ( C ) c c c c 1 C,0,5.257
380,CN1C=C(C(=O)C(=C1)c2cccc(c2)C(F)(F)F)c3ccccc3,C N 1 C = C ( C ( = O ) C ( = C 1 ) c 2 c c c c ( c 2 ) C ( F ) ( F ) F ) c 3 c c c c c 3,0,5.331
381,CN(C)N=O,C N ( C ) N = O,0,4.17
382,CCCN(CCC)N=O,C C C N ( C C C ) N = O,0,4.461
383,Nc1cc(Cl)cc(Cl)c1,N c 1 c c ( Cl ) c c ( Cl ) c 1,0,4.732
384,ClC(Cl)Br,Cl C ( Cl ) Br,0,4.0
385,CC(Cl)Cl,C C ( Cl ) Cl,0,4.0
386,CCC(C)(C)O,C C C ( C ) ( C ) O,0,5.086
387,CC(=O)C=C,C C ( = O ) C = C,0,4.17
388,OS(=O)(=O)c1cccc2c(cccc12)S(=O)(=O)O,O S ( = O ) ( = O ) c 1 c c c c 2 c ( c c c c 1 2 ) S ( = O ) ( = O ) O,0,5.474
389,OS(=O)(=O)c1cccc2C(=O)c3ccccc3C(=O)c12,O S ( = O ) ( = O ) c 1 c c c c 2 C ( = O ) c 3 c c c c c 3 C ( = O ) c 1 2,0,5.486
390,Nc1ccccc1S(=O)(=O)O,N c 1 c c c c c 1 S ( = O ) ( = O ) O,0,5.366
391,CCNc1nc(NC(C)(C)C)nc(SC)n1,C C N c 1 n c ( N C ( C ) ( C ) C ) n c ( S C ) n 1,0,5.147
392,Nc1c(Cl)cc(cc1Cl)[N+](=O)[O-],N c 1 c ( Cl ) c c ( c c 1 Cl ) [ N+ ] ( = O ) [ O- ],0,5.021
393,OC(=O)c1cc(cc(c1)N(=O)=O)N(=O)=O,O C ( = O ) c 1 c c ( c c ( c 1 ) N ( = O ) = O ) N ( = O ) = O,0,5.0
394,CC34CCC1C(CCc2cc(O)ccc12)C3CCC4(O)C#C,C C 3 4 C C C 1 C ( C C c 2 c c ( O ) c c c 1 2 ) C 3 C C C 4 ( O ) C # C,0,5.845
395,Fc1c[nH]c(=O)[nH]c1=O,F c 1 c [ n H ] c ( = O ) [ n H ] c 1 = O,0,4.807
396,CN(C)CCC=C1c2ccccc2CCc2ccccc12,C N ( C ) C C C = C 1 c 2 c c c c c 2 C C c 2 c c c c c 1 2,0,5.145
397,c1cccc(C(N)CONC2C3N(C2=O)C(C(O)=O)C(C)(C)S3)c1,c 1 c c c c ( C ( N ) C O N C 2 C 3 N ( C 2 = O ) C ( C ( O ) = O ) C ( C ) ( C ) S 3 ) c 1,0,5.475
398,C1(O)C(O)OC(OP(=O)(NCCCl)NCCCl)C(O)C1O,C 1 ( O ) C ( O ) O C ( O P ( = O ) ( N C C Cl ) N C C Cl ) C ( O ) C 1 O,0,5.317
399,CN(C)CCn1nnnc1SCC2=C(N4C(SC2)C(NC(=O)Cc3csc(N)n3)C4=O)C(O)=O,C N ( C ) C C n 1 n n n c 1 S C C 2 = C ( N 4 C ( S C 2 ) C ( N C ( = O ) C c 3 c s c ( N ) n 3 ) C 4 = O ) C ( O ) = O,0,5.44
400,Clc1ccc(NC(=N)NC(=N)CCCCCCNC(=N)NC(=N)c2ccc(Cl)cc2)cc1,Cl c 1 c c c ( N C ( = N ) N C ( = N ) C C C C C C N C ( = N ) N C ( = N ) c 2 c c c ( Cl ) c c 2 ) c c 1,0,4.839
401,OC(=O)c4cn(C1CC1)c3cc(N2CCNCC2)c(F)cc3c4=O,O C ( = O ) c 4 c n ( C 1 C C 1 ) c 3 c c ( N 2 C C N C C 2 ) c ( F ) c c 3 c 4 = O,0,5.306
402,c1c(Cl)ccc(OC(C)(C)C(OCC)=O)c1,c 1 c ( Cl ) c c c ( O C ( C ) ( C ) C ( O C C ) = O ) c 1,0,5.369
403,c1c(Cl)ccc(OC(C)(C)C(O)=O)c1,c 1 c ( Cl ) c c c ( O C ( C ) ( C ) C ( O ) = O ) c 1,0,5.351
404,COc1ccc2CC5C3C=CC(O)C4Oc1c2C34CCN5C,C O c 1 c c c 2 C C 5 C 3 C = C C ( O ) C 4 O c 1 c 2 C 3 4 C C N 5 C,0,5.8
405,P1(=O)(N(CCCl)CCCl)NCCCO1,P 1 ( = O ) ( N ( C C Cl ) C C Cl ) N C C C O 1,0,5.433
406,Nc2ccn(C1OC(CO)C(O)C1O)c(=O)n2,N c 2 c c n ( C 1 O C ( C O ) C ( O ) C 1 O ) c ( = O ) n 2,0,5.1
407,c1ccccc1CC(c2ccccc2)(C(C)CN(C)C)OC(=O)CC,c 1 c c c c c 1 C C ( c 2 c c c c c 2 ) ( C ( C ) C N ( C ) C ) O C ( = O ) C C,0,5.617
408,O=C2CN1C3CC(CC1CC2C3)OC(=O)c4c[nH]c5ccccc45,O = C 2 C N 1 C 3 C C ( C C 1 C C 2 C 3 ) O C ( = O ) c 4 c [ n H ] c 5 c c c c c 4 5,0,5.217
409,CNC(C)C(O)c1ccccc1,C N C ( C ) C ( O ) c 1 c c c c c 1,0,4.924
410,CCC1OC(=O)C(C)C(OC2CC(C)(OC)C(O)C(C)O2)C(C)C(OC2OC(C)CC(N(C)C)C2O)C(C)(O)CC(C)C(=O)C(C)C(O)C1(C)O,C C C 1 O C ( = O ) C ( C ) C ( O C 2 C C ( C ) ( O C ) C ( O ) C ( C ) O 2 ) C ( C ) C ( O C 2 O C ( C ) C C ( N ( C ) C ) C 2 O ) C ( C ) ( O ) C C ( C ) C ( = O ) C ( C ) C ( O ) C 1 ( C ) O,0,5.542
411,CC(C)(C(O)=O)c1ccc(cc1)C(O)CCCN2CCC(CC2)C(O)(c3ccccc3)c4ccccc4,C C ( C ) ( C ( O ) = O ) c 1 c c c ( c c 1 ) C ( O ) C C C N 2 C C C ( C C 2 ) C ( O ) ( c 3 c c c c c 3 ) c 4 c c c c c 4,0,5.666
412,Nc2ccn(C1OC(CO)C(O)C1(F)F)c(=O)n2,N c 2 c c n ( C 1 O C ( C O ) C ( O ) C 1 ( F ) F ) c ( = O ) n 2,0,5.527
413,CC(C)Cc1ccc(C(C)C(=O)O)cc1,C C ( C ) C c 1 c c c ( C ( C ) C ( = O ) O ) c c 1,0,4.921
414,P1(=O)(NCCCl)N(CCCl)CCCO1,P 1 ( = O ) ( N C C Cl ) N ( C C Cl ) C C C O 1,0,5.435
415,c1(N(C(=O)C)CC(O)CO)c(I)c(C(=O)NCC(O)CO)c(I)c(C(=O)NCC(O)CO)c1I,c 1 ( N ( C ( = O ) C ) C C ( O ) C O ) c ( I ) c ( C ( = O ) N C C ( O ) C O ) c ( I ) c ( C ( = O ) N C C ( O ) C O ) c 1 I,0,5.409
416,c1(I)c(NC(=O)COC)c(I)c(C(=O)NCC(O)CO)c(I)c1C(=O)N(C)CC(O)CO,c 1 ( I ) c ( N C ( = O ) C O C ) c ( I ) c ( C ( = O ) N C C ( O ) C O ) c ( I ) c 1 C ( = O ) N ( C ) C C ( O ) C O,0,5.379
418,NC(=O)OCC(C)(CCC)COC(=O)N,N C ( = O ) O C C ( C ) ( C C C ) C O C ( = O ) N,0,5.266
419,CC(O)C2C1C(C)C(=C(N1C2=O)C(O)=O)SC3CNC(C3)C(=O)N(C)C,C C ( O ) C 2 C 1 C ( C ) C ( = C ( N 1 C 2 = O ) C ( O ) = O ) S C 3 C N C ( C 3 ) C ( = O ) N ( C ) C,0,5.432
420,CN(C)C(=N)NC(N)=N,C N ( C ) C ( = N ) N C ( N ) = N,0,4.691
421,CN(Cc2cnc1nc(N)nc(N)c1n2)c3ccc(cc3)C(=O)NC(CCC(O)=O)C(O)=O,C N ( C c 2 c n c 1 n c ( N ) n c ( N ) c 1 n 2 ) c 3 c c c ( c c 3 ) C ( = O ) N C ( C C C ( O ) = O ) C ( O ) = O,0,5.084
422,CC(N)(Cc1ccc(O)c(O)c1)C(O)=O,C C ( N ) ( C c 1 c c c ( O ) c ( O ) c 1 ) C ( O ) = O,0,5.353
423,Cc1ncc(N(=O)=O)n1CCO,C c 1 n c c ( N ( = O ) = O ) n 1 C C O,0,4.993
424,OCCNCCNc2ccc(NCCNCCO)c3C(=O)c1c(O)ccc(O)c1C(=O)c23,O C C N C C N c 2 c c c ( N C C N C C O ) c 3 C ( = O ) c 1 c ( O ) c c c ( O ) c 1 C ( = O ) c 2 3,0,5.458
425,COc2ccc1cc(ccc1c2)C(C)C(O)=O,C O c 2 c c c 1 c c ( c c c 1 c 2 ) C ( C ) C ( O ) = O,0,5.032
426,c1(C(N)=O)cccnc1,c 1 ( C ( N ) = O ) c c c n c 1,0,4.732
427,CC2COc3c(N1CCN(C)CC1)c(F)cc4c(=O)c(cn2c34)C(O)=O,C C 2 C O c 3 c ( N 1 C C N ( C ) C C 1 ) c ( F ) c c 4 c ( = O ) c ( c n 2 c 3 4 ) C ( O ) = O,0,5.42
428,CCCCCCCCCCCC(CC1OC(=O)C1CCCCCC)OC(=O)C(CC(C)C)NC=O,C C C C C C C C C C C C ( C C 1 O C ( = O ) C 1 C C C C C C ) O C ( = O ) C ( C C ( C ) C ) N C = O,0,5.119
429,O=C(N)C1=C(O)C(N(C)C)C2C(O)(C(O)=C3C(C(O)(C)c4c(c(O)ccc4)C3=O)C2O)C1=O,O = C ( N ) C 1 = C ( O ) C ( N ( C ) C ) C 2 C ( O ) ( C ( O ) = C 3 C ( C ( O ) ( C ) c 4 c ( c ( O ) c c c 4 ) C 3 = O ) C 2 O ) C 1 = O,0,5.863
430,c1ccccc1CC(=O)NC1C2SC(C)(C)C(C(=O)O)N2C1=O,c 1 c c c c c 1 C C ( = O ) N C 1 C 2 S C ( C ) ( C ) C ( C ( = O ) O ) N 2 C 1 = O,0,5.476
431,c1(C(O)C(N)C)ccccc1,c 1 ( C ( O ) C ( N ) C ) c c c c c 1,0,4.9
432,CC(C)(C)NC(=O)C2CC1CCCCC1CN2CC(O)C(Cc3ccccc3)NC(=O)C(CC(N)=O)NC(=O)c5ccc4ccccc4n5,C C ( C ) ( C ) N C ( = O ) C 2 C C 1 C C C C C 1 C N 2 C C ( O ) C ( C c 3 c c c c c 3 ) N C ( = O ) C ( C C ( N ) = O ) N C ( = O ) c 5 c c c 4 c c c c c 4 n 5,0,5.2
433,Nc1ccc(cc1)S(=O)(=O)NC(=O)c2ccccc2,N c 1 c c c ( c c 1 ) S ( = O ) ( = O ) N C ( = O ) c 2 c c c c c 2,0,5.395
434,Nc1ccc(cc1)S(=O)(=O)Nc2ncccn2,N c 1 c c c ( c c 1 ) S ( = O ) ( = O ) N c 2 n c c c n 2,0,5.392
435,COc2cnc(NS(=O)(=O)c1ccc(N)cc1)nc2,C O c 2 c n c ( N S ( = O ) ( = O ) c 1 c c c ( N ) c c 1 ) n c 2,0,5.392
436,Nc1ccc(S(=O)(=O)NC2=NOC(C)=C2)cc1,N c 1 c c c ( S ( = O ) ( = O ) N C 2 = N O C ( C ) = C 2 ) c c 1,0,5.391
437,OC(=O)c3cc(N=Nc1ccc(cc1)S(=O)(=O)Nc2ccccn2)ccc3O,O C ( = O ) c 3 c c ( N = N c 1 c c c ( c c 1 ) S ( = O ) ( = O ) N c 2 c c c c n 2 ) c c c 3 O,0,5.392
438,CN(C)C1C2CC3C(=C(O)C2(O)C(=O)C(C(N)=O)=C1O)C(=O)c1c(O)cccc1C3(C)O,C N ( C ) C 1 C 2 C C 3 C ( = C ( O ) C 2 ( O ) C ( = O ) C ( C ( N ) = O ) = C 1 O ) C ( = O ) c 1 c ( O ) c c c c 1 C 3 ( C ) O,0,5.823
439,N1C(=O)N(C)c2ncn(C)c2C1(=O),N 1 C ( = O ) N ( C ) c 2 n c n ( C ) c 2 C 1 ( = O ),0,5.203
440,OP(O)(=O)C(Sc1ccc(Cl)cc1)P(O)(O)=O,O P ( O ) ( = O ) C ( S c 1 c c c ( Cl ) c c 1 ) P ( O ) ( O ) = O,0,5.556
441,CCCCNC(=O)NS(=O)(=O)c1ccc(C)cc1,C C C C N C ( = O ) N S ( = O ) ( = O ) c 1 c c c ( C ) c c 1,0,5.389
442,CS(=O)(=O)OCC(O)C(O)COS(=O)(=O)C,C S ( = O ) ( = O ) O C C ( O ) C ( O ) C O S ( = O ) ( = O ) C,0,5.113
446,CCCCCCCCCCCCCCCCCCCCCCCCCCCCCCCCCC,C C C C C C C C C C C C C C C C C C C C C C C C C C C C C C C C C C,1,3.991
447,CCCCCCCCCCCCCCCCCCCCCCC,C C C C C C C C C C C C C C C C C C C C C C C,1,3.981
448,CCCCCCCCCCCCCCCCCCCCC,C C C C C C C C C C C C C C C C C C C C C,1,3.978
449,CCCCCCCCCCCCCCCCCCCCCC,C C C C C C C C C C C C C C C C C C C C C C,1,3.98
450,CCCCCCCCCCCCCCCCCCCCCCCCCCCCCCCCCCCCCCCC,C C C C C C C C C C C C C C C C C C C C C C C C C C C C C C C C C C C C C C C C,1,3.994
451,CCCCCCCCCCCCCCCCCC,C C C C C C C C C C C C C C C C C C,1,3.97
452,CCCCCCCCCCCCCCCCCCCCCCCCCC,C C C C C C C C C C C C C C C C C C C C C C C C C C,1,3.985
453,CCCCCCCCCCCCCCCCCCC,C C C C C C C C C C C C C C C C C C C,1,3.973
454,CCCCCCCCCCCCCCCCCCCCCCCCCCCCCCCCCCCCCC,C C C C C C C C C C C C C C C C C C C C C C C C C C C C C C C C C C C C C C,1,3.993
455,CCCCCCCCCCCCCCCCCCCCCCCCCCCCCCCCCCCCC,C C C C C C C C C C C C C C C C C C C C C C C C C C C C C C C C C C C C C,1,3.993
456,CCCCCCCCCCCCC,C C C C C C C C C C C C C,1,3.942
457,CCCCCCCCCCCCCCCCC,C C C C C C C C C C C C C C C C C,1,3.966
458,CCCCCCCCCCCCCCCCCCCCCCCCCCCCCCCCCCC,C C C C C C C C C C C C C C C C C C C C C C C C C C C C C C C C C C C,1,3.992
459,CCCCCCCCCCCCCCCCCCCCCCCCCCCCCCCCCCCC,C C C C C C C C C C C C C C C C C C C C C C C C C C C C C C C C C C C C,1,3.992
460,CCCCCCCCCCCCCC,C C C C C C C C C C C C C C,1,3.95
461,CCCCCCCCCCCCCCCCCCCCCCCCC,C C C C C C C C C C C C C C C C C C C C C C C C C,1,3.984
462,CCCCCCCCCCCCCCCCCCCCCCCCCCCC,C C C C C C C C C C C C C C C C C C C C C C C C C C C C,1,3.987
463,CCCCCCCCCCCCCCCCCCCCCCCCCCCCCC,C C C C C C C C C C C C C C C C C C C C C C C C C C C C C C,1,3.989
464,CCCCCCCCCCCCCCCCCCCCCCCC,C C C C C C C C C C C C C C C C C C C C C C C C,1,3.983
465,CCCCCCCC,C C C C C C C C,1,3.848
466,CCCCCCCCCCCCCCCCCCCCCCCCCCCCCCCCCCCCCCCCCCCC,C C C C C C C C C C C C C C C C C C C C C C C C C C C C C C C C C C C C C C C C C C C C,1,3.995
467,CCCCCCCCCCCCCCCCCCCCCCCCCCCCCCCC,C C C C C C C C C C C C C C C C C C C C C C C C C C C C C C C C,1,3.99
468,CCCCCCCCCC,C C C C C C C C C C,1,3.902
469,CCCCCCCCCCCC,C C C C C C C C C C C C,1,3.932
470,CCCCCCCCCCCCCl,C C C C C C C C C C C C Cl,1,3.942
471,CCCCCCCCOCCCCCCCC,C C C C C C C C O C C C C C C C C,1,3.966
472,CCCCCCCCCCCCOCCCCCCCCCCCC,C C C C C C C C C C C C O C C C C C C C C C C C C,1,3.984
473,CCCCCCCCCCOCCCCCCCCCC,C C C C C C C C C C O C C C C C C C C C C,1,3.978
474,CCC\C=C(/CC)\C=O,C C C \ C = C ( / C C ) \ C = O,1,4.444
475,CCCCCCCO,C C C C C C C O,1,3.848
476,CCCC,C C C C,1,3.414
477,CCCCCCCCCCCCCO,C C C C C C C C C C C C C O,1,3.95
478,CCCCCCCCCCCCCCCCCO,C C C C C C C C C C C C C C C C C O,1,3.97
479,CCCCCCCCCCCCCCO,C C C C C C C C C C C C C C O,1,3.956
480,CCCCCCCCCCCCCCCO,C C C C C C C C C C C C C C C O,1,3.962
481,CCCCCCCCCCCO,C C C C C C C C C C C O,1,3.932
482,CCCCCCCCCCCCCCCCCCO,C C C C C C C C C C C C C C C C C C O,1,3.973
483,CCCCCCCCCCCCO,C C C C C C C C C C C C O,1,3.942
484,CCCCCCCCCCO,C C C C C C C C C C O,1,3.919
485,CCCCCCCCCO,C C C C C C C C C O,1,3.902
486,c1ccc2c(c1)ccc3ccccc23,c 1 c c c 2 c ( c 1 ) c c c 3 c c c c c 2 3,1,5.142
487,ClC(Cl)(Cl)c1ccccc1,Cl C ( Cl ) ( Cl ) c 1 c c c c c 1,1,5.31
488,CN(C)C(=O)C,C N ( C ) C ( = O ) C,1,4.562
489,C=CC#N,C = C C # N,1,3.414
490,OS(=O)(=O)c1ccc(Cl)cc1,O S ( = O ) ( = O ) c 1 c c c ( Cl ) c c 1,1,5.313
491,Cc1ccc(cc1)S(=O)(=O)Cl,C c 1 c c c ( c c 1 ) S ( = O ) ( = O ) Cl,1,5.313
492,ClS(=O)(=O)Cc1ccccc1,Cl S ( = O ) ( = O ) C c 1 c c c c c 1,1,5.137
493,CC(O)C=C,C C ( O ) C = C,1,4.17
494,C1CCOC1,C 1 C C O C 1,1,3.618
495,Oc1cccc(c1)[N+](=O)[O-],O c 1 c c c c ( c 1 ) [ N+ ] ( = O ) [ O- ],1,4.796
496,C1CC=CC1,C 1 C C = C C 1,1,3.618
497,COc1ccc(OC)cc1,C O c 1 c c c ( O C ) c c 1,1,4.641
498,COc1cccc(O)c1,C O c 1 c c c c ( O ) c 1,1,4.642
499,COC(=O)Nc1cccc(C)c1,C O C ( = O ) N c 1 c c c c ( C ) c 1,1,4.702
500,CNC(=O)Oc1cccc2ccccc12,C N C ( = O ) O c 1 c c c c 2 c c c c c 1 2,1,5.041
501,CC(=O)Nc1ccccc1O,C C ( = O ) N c 1 c c c c c 1 O,1,4.821
502,COc1cccc(OC)c1,C O c 1 c c c c ( O C ) c 1,1,4.679
503,COc1cccc(c1)C(=O)O,C O c 1 c c c c ( c 1 ) C ( = O ) O,1,4.813
504,COc1ccc(cc1)C(=O)O,C O c 1 c c c ( c c 1 ) C ( = O ) O,1,4.782
505,CCC(=O)O,C C C ( = O ) O,1,4.17
506,OC(=O)CS,O C ( = O ) C S,1,4.17
507,OC(CCl)CCl,O C ( C Cl ) C Cl,1,4.303
508,Cc1ccccc1C,C c 1 c c c c c 1 C,1,4.732
509,CCCCOC(=O)CC(CC(=O)OCCCC)(OC(=O)C)C(=O)OCCCC,C C C C O C ( = O ) C C ( C C ( = O ) O C C C C ) ( O C ( = O ) C ) C ( = O ) O C C C C,1,5.506
510,CCCCCCOC(=O)C=C,C C C C C C O C ( = O ) C = C,1,4.347
511,CCCCCCCCCCCCCCCCCC(=O)OCC1OCC(O)C(O)C1O,C C C C C C C C C C C C C C C C C C ( = O ) O C C 1 O C C ( O ) C ( O ) C 1 O,1,5.05
512,OC(=O)c1ccccc1C(=O)O,O C ( = O ) c 1 c c c c c 1 C ( = O ) O,1,5.04
513,COC(=O)CCS,C O C ( = O ) C C S,1,4.334
514,Cc1ccc(OP(=O)(Oc2ccc(C)cc2)Oc3ccc(C)cc3)cc1,C c 1 c c c ( O P ( = O ) ( O c 2 c c c ( C ) c c 2 ) O c 3 c c c ( C ) c c 3 ) c c 1,1,5.332
515,Cc1ccccc1OP(=O)(Oc2ccccc2C)Oc3ccccc3C,C c 1 c c c c c 1 O P ( = O ) ( O c 2 c c c c c 2 C ) O c 3 c c c c c 3 C,1,5.355
516,CCCCCCCCC(=O)N(CCO)CCO,C C C C C C C C C ( = O ) N ( C C O ) C C O,1,4.771
517,CCCCCCCCCCCCCCCCCC(=O)N(CCO)CCO,C C C C C C C C C C C C C C C C C C ( = O ) N ( C C O ) C C O,1,4.771
518,CCCCCCCCCCCCCC(=O)N(CCO)CCO,C C C C C C C C C C C C C C ( = O ) N ( C C O ) C C O,1,4.771
519,CCCCCCCCCCCCCCCC(=O)N(CCO)CCO,C C C C C C C C C C C C C C C C ( = O ) N ( C C O ) C C O,1,4.771
520,CCCCCCCCCC(=O)N(CCO)CCO,C C C C C C C C C C ( = O ) N ( C C O ) C C O,1,4.771
521,CCCCCCCC(=O)N(CCO)CCO,C C C C C C C C ( = O ) N ( C C O ) C C O,1,4.77
522,CCCCCCCCCCCC(=O)N(CCO)CCO,C C C C C C C C C C C C ( = O ) N ( C C O ) C C O,1,4.771
523,CCCCCNCCCCC,C C C C C N C C C C C,1,3.919
524,CCCCNCC,C C C C N C C,1,3.802
525,CCCCCCCCCCCCN(C)C,C C C C C C C C C C C C N ( C ) C,1,4.236
526,CCCCCCO,C C C C C C O,1,3.802
527,CCCNCCC,C C C N C C C,1,3.802
528,CCCCCCCCCCCCCCCCCC(=O)NCO,C C C C C C C C C C C C C C C C C C ( = O ) N C O,1,4.373
529,CCC#CCCO,C C C # C C C O,1,3.802
530,CCCCO,C C C C O,1,3.618
531,CCCO,C C C O,1,3.414
532,COC(C)(C)CCO,C O C ( C ) ( C ) C C O,1,5.173
533,CC(=CCC\C(=C\CO)\C)C,C C ( = C C C \ C ( = C \ C O ) \ C ) C,1,4.393
534,Cn1cccc1,C n 1 c c c c 1,1,4.303
535,CC1CCC(CC1)C(=C)C,C C 1 C C C ( C C 1 ) C ( = C ) C,1,4.77
536,CC(CCC=C(C)C)C=C,C C ( C C C = C ( C ) C ) C = C,1,4.372
537,CC(=C)CCl,C C ( = C ) C Cl,1,4.17
538,CC(O)C(=O)C,C C ( O ) C ( = O ) C,1,4.562
539,CC(=O)CO,C C ( = O ) C O,1,4.17
540,CCC(=O)C,C C C ( = O ) C,1,4.17
541,CCC(=O)CC(=O)CC,C C C ( = O ) C C ( = O ) C C,1,4.523
542,CC(=O)CC(=O)c1ccccc1,C C ( = O ) C C ( = O ) c 1 c c c c c 1,1,4.808
543,CC(O)CC(C)O,C C ( O ) C C ( C ) O,1,4.414
544,CCC(C)N,C C C ( C ) N,1,4.17
545,OCc1ccc(Cl)cc1Cl,O C c 1 c c c ( Cl ) c c 1 Cl,1,4.845
546,CCC,C C C,1,3.0
547,Oc1ccccc1c2ccccc2,O c 1 c c c c c 1 c 2 c c c c c 2,1,4.985
548,Oc1ccc2ccccc2c1C=O,O c 1 c c c 2 c c c c c 2 c 1 C = O,1,5.116
549,Cc1ccccc1O,C c 1 c c c c c 1 O,1,4.732
550,OC(=O)c1cccc(O)c1,O C ( = O ) c 1 c c c c ( O ) c 1,1,4.796
551,COc1ccccc1C(=O)O,C O c 1 c c c c c 1 C ( = O ) O,1,4.953
552,OC(c1ccccc1)c2ccccc2,O C ( c 1 c c c c c 1 ) c 2 c c c c c 2,1,4.962
553,C=Cc1ccccc1,C = C c 1 c c c c c 1,1,4.499
554,CNC(=O)CC(=O)C,C N C ( = O ) C C ( = O ) C,1,4.476
555,CNC(=O)C,C N C ( = O ) C,1,4.17
556,CCNC(=O)C,C C N C ( = O ) C,1,4.214
557,OC(=O)CCCCCCCCCCCCCCC(=O)O,O C ( = O ) C C C C C C C C C C C C C C C ( = O ) O,1,4.236
558,OC(=O)C1CCCCC1C2CCCCC2C(=O)O,O C ( = O ) C 1 C C C C C 1 C 2 C C C C C 2 C ( = O ) O,1,5.182
559,CCCCCCCC(=O)O,C C C C C C C C ( = O ) O,1,4.236
560,CCCCCCCCCC(=O)O,C C C C C C C C C C ( = O ) O,1,4.236
561,CCCCCCCCC(=O)O,C C C C C C C C C ( = O ) O,1,4.236
562,CCCCCCCCCCC(=O)O,C C C C C C C C C C C ( = O ) O,1,4.236
563,NCCCCCCCCCCCC(=O)O,N C C C C C C C C C C C C ( = O ) O,1,4.236
564,CCCCCCC(=O)O,C C C C C C C ( = O ) O,1,4.235
565,OCCCCCO,O C C C C C O,1,3.802
566,CCCCCC(=O)O,C C C C C C ( = O ) O,1,4.233
567,CCCCC(=O)O,C C C C C ( = O ) O,1,4.228
568,OCCOCCO,O C C O C C O,1,3.802
569,CCCC(=O)O,C C C C ( = O ) O,1,4.214
570,NCCCCCCCCN,N C C C C C C C C N,1,3.902
571,CCc1cccc(c1)c2ccccc2,C C c 1 c c c c ( c 1 ) c 2 c c c c c 2,1,4.891
572,COC(=O)C(C)Cl,C O C ( = O ) C ( C ) Cl,1,4.629
573,COC(=O)\C=C\C(=O)OC,C O C ( = O ) \ C = C \ C ( = O ) O C,1,4.446
574,ClCC(=O)OC=C,Cl C C ( = O ) O C = C,1,4.334
575,OC(=O)c1cccc(Cl)c1,O C ( = O ) c 1 c c c c ( Cl ) c 1,1,4.796
576,O=Cc1ccc(C=O)cc1,O = C c 1 c c c ( C = O ) c c 1,1,4.641
577,O=C(CC(=O)c1ccccc1)c2ccccc2,O = C ( C C ( = O ) c 1 c c c c c 1 ) c 2 c c c c c 2,1,4.888
578,CCN1CN(CC)CN(CC)C1,C C N 1 C N ( C C ) C N ( C C ) C 1,1,4.814
579,CC1(C)[C@H]2CC[C@]1(C)[C@H](O)C2,C C 1 ( C ) [ C @ H ] 2 C C [ C @ ] 1 ( C ) [ C @ H ] ( O ) C 2,1,5.814
580,CCCc1ccccc1,C C C c 1 c c c c c 1,1,4.517
581,OC(=O)Cc1ccccc1,O C ( = O ) C c 1 c c c c c 1,1,4.593
582,CC(=O)Nc1ccc(O)cc1,C C ( = O ) N c 1 c c c ( O ) c c 1,1,4.658
583,Cc1ccc(O)cc1,C c 1 c c c ( O ) c c 1,1,4.562
584,OCCCl,O C C Cl,1,3.414
585,CC(C)CC(C)O,C C ( C ) C C ( C ) O,1,4.414
586,CC(C)OC(=O)C,C C ( C ) O C ( = O ) C,1,4.414
587,Cc1ccnc(C)c1,C c 1 c c n c ( C ) c 1,1,4.596
588,Oc1cc(O)cc(O)c1,O c 1 c c ( O ) c c ( O ) c 1,1,4.732
589,CC(C)CC(C)OC(=O)C,C C ( C ) C C ( C ) O C ( = O ) C,1,4.562
590,CC(C)COC(=O)C,C C ( C ) C O C ( = O ) C,1,4.343
591,CCCCCCC(=O)C,C C C C C C C ( = O ) C,1,4.235
592,CCCCN(CC)C(=O)SCCC,C C C C N ( C C ) C ( = O ) S C C C,1,4.763
593,OCCN(CCO)N=O,O C C N ( C C O ) N = O,1,4.461
594,COc1cc(\C=C\C(=O)O)ccc1O,C O c 1 c c ( \ C = C \ C ( = O ) O ) c c c 1 O,1,4.868
595,CCOC(=O)c1ccccc1O,C C O C ( = O ) c 1 c c c c c 1 O,1,4.95
596,Nc1ccccc1C(=O)O,N c 1 c c c c c 1 C ( = O ) O,1,4.923
597,Oc1ccc(Cl)cc1Cc2ccccc2,O c 1 c c c ( Cl ) c c 1 C c 2 c c c c c 2,1,4.893
598,CCOC(=O)c1ccc(O)cc1,C C O C ( = O ) c 1 c c c ( O ) c c 1,1,4.811
599,COc1cc(ccc1O)C(=O)O,C O c 1 c c ( c c c 1 O ) C ( = O ) O,1,4.922
600,CCCCCCCCCCCCc1ccccc1,C C C C C C C C C C C C c 1 c c c c c 1,1,4.522
601,CC(C)CCO,C C ( C ) C C O,1,4.214
602,CCCCOC(=O)C,C C C C O C ( = O ) C,1,4.233
603,OC(=O)CC(=O)O,O C ( = O ) C C ( = O ) O,1,4.414
604,CCCCCCCCCCCCOS(=O)(=O)O,C C C C C C C C C C C C O S ( = O ) ( = O ) O,1,5.098
605,CCCCCCCCCCCCS(=O)(=O)O,C C C C C C C C C C C C S ( = O ) ( = O ) O,1,5.098
606,Oc1c(Br)cc(cc1Br)C#N,O c 1 c ( Br ) c c ( c c 1 Br ) C # N,1,4.981
607,CCCCCCCC(=O)Oc1c(Br)cc(cc1Br)C#N,C C C C C C C C ( = O ) O c 1 c ( Br ) c c ( c c 1 Br ) C # N,1,5.036
608,CCCCCCCCCCCCOS(=O)(=O)c1ccccc1,C C C C C C C C C C C C O S ( = O ) ( = O ) c 1 c c c c c 1,1,5.372
609,CNC(=O)Oc1ccc(N(C)C)c(C)c1,C N C ( = O ) O c 1 c c c ( N ( C ) C ) c ( C ) c 1,1,4.972
610,Clc1ccc(cc1)c2ccccc2,Cl c 1 c c c ( c c 1 ) c 2 c c c c c 2,1,4.863
611,CC(C)CCCCCCCO,C C ( C ) C C C C C C C O,1,4.236
612,COP(=O)(NC(=O)C)SC,C O P ( = O ) ( N C ( = O ) C ) S C,1,5.264
613,OC(=O)c1ccnc(c1)C(=O)O,O C ( = O ) c 1 c c n c ( c 1 ) C ( = O ) O,1,4.882
614,COC(=O)C(C)Oc1ccc(Oc2ccc(Cl)cc2Cl)cc1,C O C ( = O ) C ( C ) O c 1 c c c ( O c 2 c c c ( Cl ) c c 2 Cl ) c c 1,1,4.897
615,CC1=C(SCCO1)C(=O)Nc2ccccc2,C C 1 = C ( S C C O 1 ) C ( = O ) N c 2 c c c c c 2,1,4.97
616,N[C@@H](CC(=O)O)C(=O)O,N [ C @ @ H ] ( C C ( = O ) O ) C ( = O ) O,1,4.691
617,OC(=O)c1cccnc1,O C ( = O ) c 1 c c c n c 1,1,4.732
618,CCCC(C)O,C C C C ( C ) O,1,4.214
619,OC(=O)\C=C\c1ccccc1,O C ( = O ) \ C = C \ c 1 c c c c c 1,1,4.543
620,N[C@@H](Cc1ccccc1)C(=O)O,N [ C @ @ H ] ( C c 1 c c c c c 1 ) C ( = O ) O,1,4.739
621,CCCCCCCCC(=O)C,C C C C C C C C C ( = O ) C,1,4.236
622,CN,C N,1,2.0
623,OC(=O)\C=C\c1ccc(O)cc1,O C ( = O ) \ C = C \ c 1 c c c ( O ) c c 1,1,4.628
624,CCOC(=O)c1cccc(O)c1,C C O C ( = O ) c 1 c c c c ( O ) c 1,1,4.833
625,CCCCSP(=O)(SCCCC)SCCCC,C C C C S P ( = O ) ( S C C C C ) S C C C C,1,5.262
626,CCCCOC(=O)COC(=O)c1ccccc1C(=O)OCCCC,C C C C O C ( = O ) C O C ( = O ) c 1 c c c c c 1 C ( = O ) O C C C C,1,5.073
627,OC(=O)c1cccnc1C(=O)O,O C ( = O ) c 1 c c c n c 1 C ( = O ) O,1,5.04
628,CCC(=O)CC,C C C ( = O ) C C,1,4.303
629,OC(=O)c1ccccn1,O C ( = O ) c 1 c c c c n 1,1,4.732
630,OC(=O)c1ccc(O)c(O)c1,O C ( = O ) c 1 c c c ( O ) c ( O ) c 1,1,4.895
631,CC(=O)c1ccc(O)cc1,C C ( = O ) c 1 c c c ( O ) c c 1,1,4.77
632,c1cc(OCC)cc(O)c1C(O)=O,c 1 c c ( O C C ) c c ( O ) c 1 C ( O ) = O,1,4.967
633,C1(O)C(O)C(O)C(OP(=O)(NCCCl)NCCCl)OC1CO,C 1 ( O ) C ( O ) C ( O ) C ( O P ( = O ) ( N C C Cl ) N C C Cl ) O C 1 C O,1,5.319
634,CN1C(=O)N(C)c2ncn(C)c2C1(=O),C N 1 C ( = O ) N ( C ) c 2 n c n ( C ) c 2 C 1 ( = O ),1,5.297
635,OCc1cc(ccc1O)C(O)CNCCCCCCOCCCCc2ccccc2,O C c 1 c c ( c c c 1 O ) C ( O ) C N C C C C C C O C C C C c 2 c c c c c 2,1,4.939
636,N1(C)C(=O)N(C)C2=C(C1=O)NC=N2,N 1 ( C ) C ( = O ) N ( C ) C 2 = C ( C 1 = O ) N C = N 2,1,5.26
