,Smiles,processed_smiles,Class
0,ClCc1ccc(Cl)c(Cl)c1,Cl C c 1 c c c ( Cl ) c ( Cl ) c 1,0
1,C1CCC(CC1)N=C=NC2CCCCC2,C 1 C C C ( C C 1 ) N = C = N C 2 C C C C C 2,0
2,O=C1OC(=O)C2CC=CCC12,O = C 1 O C ( = O ) C 2 C C = C C C 1 2,0
3,OC(=O)C(F)(F)C(F)(F)C(F)(F)C(F)(F)C(F)(F)C(F)(F)C(F)(F)C(F)(F)C(F)(F)C(F)(F)C(F)(F)F,O C ( = O ) C ( F ) ( F ) C ( F ) ( F ) C ( F ) ( F ) C ( F ) ( F ) C ( F ) ( F ) C ( F ) ( F ) C ( F ) ( F ) C ( F ) ( F ) C ( F ) ( F ) C ( F ) ( F ) C ( F ) ( F ) F,0
4,OC(=O)C(F)(F)C(F)(F)C(F)(F)C(F)(F)C(F)(F)C(F)(F)C(F)(F)C(F)(F)C(F)(F)C(F)(F)C(F)(F)C(F)(F)C(F)(F)F,O C ( = O ) C ( F ) ( F ) C ( F ) ( F ) C ( F ) ( F ) C ( F ) ( F ) C ( F ) ( F ) C ( F ) ( F ) C ( F ) ( F ) C ( F ) ( F ) C ( F ) ( F ) C ( F ) ( F ) C ( F ) ( F ) C ( F ) ( F ) C ( F ) ( F ) F,0
5,Clc1c(Cl)c(Cl)c(Cl)c(Cl)c1Cl,Cl c 1 c ( Cl ) c ( Cl ) c ( Cl ) c ( Cl ) c 1 Cl,0
6,CC(C)(C)c1cc(c(O)c(c1)C(C)(C)C)C(C)(C)C,C C ( C ) ( C ) c 1 c c ( c ( O ) c ( c 1 ) C ( C ) ( C ) C ) C ( C ) ( C ) C,0
7,C\1C\C=C\CC\C=C\CC\C=C1,C \ 1 C \ C = C \ C C \ C = C \ C C \ C = C 1,0
8,CC1CC(C)(C)CC(C1)(OOC(C)(C)C)OOC(C)(C)C,C C 1 C C ( C ) ( C ) C C ( C 1 ) ( O O C ( C ) ( C ) C ) O O C ( C ) ( C ) C,0
9,c1ccc(cc1)[Sn](c2ccccc2)(c3ccccc3)c4ccccc4,c 1 c c c ( c c 1 ) [ S n ] ( c 2 c c c c c 2 ) ( c 3 c c c c c 3 ) c 4 c c c c c 4,0
10,CC(C)(C)c1cc(N=Nc2ccccc2[N+]([O-])=O)c(O)c(c1)C(C)(C)C,C C ( C ) ( C ) c 1 c c ( N = N c 2 c c c c c 2 [ N+ ] ( [ O- ] ) = O ) c ( O ) c ( c 1 ) C ( C ) ( C ) C,0
11,CC(C)(C)c1cc(cc(c1)C(C)(C)C)C(C)(C)C,C C ( C ) ( C ) c 1 c c ( c c ( c 1 ) C ( C ) ( C ) C ) C ( C ) ( C ) C,0
12,Brc1ccc(cc1)c2ccc(Br)cc2,Br c 1 c c c ( c c 1 ) c 2 c c c ( Br ) c c 2,0
13,CC(C)(C)c1cc(Cc2cc(c(O)c(c2)C(C)(C)C)C(C)(C)C)cc(c1O)C(C)(C)C,C C ( C ) ( C ) c 1 c c ( C c 2 c c ( c ( O ) c ( c 2 ) C ( C ) ( C ) C ) C ( C ) ( C ) C ) c c ( c 1 O ) C ( C ) ( C ) C,0
14,OC(c1ccc(Cl)cc1)(c2ccc(Cl)cc2)C(Cl)(Cl)Cl,O C ( c 1 c c c ( Cl ) c c 1 ) ( c 2 c c c ( Cl ) c c 2 ) C ( Cl ) ( Cl ) Cl,0
15,ClC1=C(Cl)C2(Cl)C3C4CC(C5OC45)C3C1(Cl)C2(Cl)Cl,Cl C 1 = C ( Cl ) C 2 ( Cl ) C 3 C 4 C C ( C 5 O C 4 5 ) C 3 C 1 ( Cl ) C 2 ( Cl ) Cl,0
16,ClC1=C(Cl)[C@]2(Cl)[C@@H]3[C@@H]4C[C@@H](C=C4)[C@@H]3[C@@]1(Cl)C2(Cl)Cl,Cl C 1 = C ( Cl ) [ C @ ] 2 ( Cl ) [ C @ @ H ] 3 [ C @ @ H ] 4 C [ C @ @ H ] ( C = C 4 ) [ C @ @ H ] 3 [ C @ @ ] 1 ( Cl ) C 2 ( Cl ) Cl,0
17,ClC1CC2C(C1Cl)C3(Cl)C(=C(Cl)C2(Cl)C3(Cl)Cl)Cl,Cl C 1 C C 2 C ( C 1 Cl ) C 3 ( Cl ) C ( = C ( Cl ) C 2 ( Cl ) C 3 ( Cl ) Cl ) Cl,0
18,CC(C)(C)c1cc(cc(c1O)C(C)(C)C)c2ccccc2,C C ( C ) ( C ) c 1 c c ( c c ( c 1 O ) C ( C ) ( C ) C ) c 2 c c c c c 2,0
19,C1CCC(CC1)N(Sc2sc3ccccc3n2)C4CCCCC4,C 1 C C C ( C C 1 ) N ( S c 2 s c 3 c c c c c 3 n 2 ) C 4 C C C C C 4,0
20,ClC(COCC(Cl)C(Cl)(Cl)Cl)C(Cl)(Cl)Cl,Cl C ( C O C C ( Cl ) C ( Cl ) ( Cl ) Cl ) C ( Cl ) ( Cl ) Cl,0
21,Clc1cccc(Cl)c1Cl,Cl c 1 c c c c ( Cl ) c 1 Cl,0
22,Clc1ccc(Cl)c(Cl)c1Cl,Cl c 1 c c c ( Cl ) c ( Cl ) c 1 Cl,0
23,Clc1cc(Cl)c(Cl)cc1Cl,Cl c 1 c c ( Cl ) c ( Cl ) c c 1 Cl,0
24,Clc1cc(Cl)c(Cl)c(Cl)c1Cl,Cl c 1 c c ( Cl ) c ( Cl ) c ( Cl ) c 1 Cl,0
25,[O-][N+](=O)c1ccc(Oc2c(Cl)cc(Cl)cc2Cl)cc1,[ O- ] [ N+ ] ( = O ) c 1 c c c ( O c 2 c ( Cl ) c c ( Cl ) c c 2 Cl ) c c 1,0
26,Oc1c(cccc1C2CCCCC2)C3CCCCC3,O c 1 c ( c c c c 1 C 2 C C C C C 2 ) C 3 C C C C C 3,0
27,C(c1ccccc1)c2ccccc2,C ( c 1 c c c c c 1 ) c 2 c c c c c 2,0
28,Nc1ccc(Cc2ccc(N)c(Cl)c2Cl)c(Cl)c1Cl,N c 1 c c c ( C c 2 c c c ( N ) c ( Cl ) c 2 Cl ) c ( Cl ) c 1 Cl,0
29,N(c1ccccc1)c2cccc3ccccc23,N ( c 1 c c c c c 1 ) c 2 c c c c 3 c c c c c 2 3,0
30,CN(C)CCN(C)CCN(C)C,C N ( C ) C C N ( C ) C C N ( C ) C,0
31,CN(C)N,C N ( C ) N,0
32,OCC(Br)(CO)[N+]([O-])=O,O C C ( Br ) ( C O ) [ N+ ] ( [ O- ] ) = O,0
33,COC,C O C,0
34,CC(C)OC(C)C,C C ( C ) O C ( C ) C,0
35,COCCOCCOC,C O C C O C C O C,0
36,CSSC,C S S C,0
37,CC1OC(C)OC(C)OC(C)O1,C C 1 O C ( C ) O C ( C ) O C ( C ) O 1,0
38,NC(=O)CI,N C ( = O ) C I,0
39,CC(C)(N=NC(C)(C)C#N)C#N,C C ( C ) ( N = N C ( C ) ( C ) C # N ) C # N,0
40,CN=C=S,C N = C = S,0
41,CNN,C N N,0
42,ClCc1ccc(C=C)cc1,Cl C c 1 c c c ( C = C ) c c 1,0
43,Clc1c(Cl)c(Cl)c2C(=O)OC(=O)c2c1Cl,Cl c 1 c ( Cl ) c ( Cl ) c 2 C ( = O ) O C ( = O ) c 2 c 1 Cl,0
44,ClCc1ccccc1Cl,Cl C c 1 c c c c c 1 Cl,0
45,Cc1cccc(C)c1N,C c 1 c c c c ( C ) c 1 N,0
46,Nc1ccccc1N,N c 1 c c c c c 1 N,0
47,Cc1cccc(N)c1,C c 1 c c c c ( N ) c 1,0
48,Nc1ccc(Cl)cc1,N c 1 c c c ( Cl ) c c 1,0
49,Cc1cccc(c1C)[N+]([O-])=O,C c 1 c c c c ( c 1 C ) [ N+ ] ( [ O- ] ) = O,0
50,[O-][N+](=O)c1ccc(CCl)cc1,[ O- ] [ N+ ] ( = O ) c 1 c c c ( C Cl ) c c 1,0
51,NNc1c(Cl)cc(Cl)cc1Cl,N N c 1 c ( Cl ) c c ( Cl ) c c 1 Cl,0
52,CC(C)(C)c1cccc(O)c1,C C ( C ) ( C ) c 1 c c c c ( O ) c 1,0
53,Cc1ccc(C)c(O)c1,C c 1 c c c ( C ) c ( O ) c 1,0
54,COc1cccc(N)c1,C O c 1 c c c c ( N ) c 1,0
55,Oc1ccc(Cl)cc1[N+]([O-])=O,O c 1 c c c ( Cl ) c c 1 [ N+ ] ( [ O- ] ) = O,0
56,CC(C)(OO)c1ccccc1,C C ( C ) ( O O ) c 1 c c c c c 1,0
57,Clc1ccccc1C#N,Cl c 1 c c c c c 1 C # N,0
58,C\1C\C=C/CC\C=C1,C \ 1 C \ C = C / C C \ C = C 1,0
59,NCC1CCCC(CN)C1,N C C 1 C C C C ( C N ) C 1,0
60,OC1CCC(CC1O)C=C,O C 1 C C C ( C C 1 O ) C = C,0
61,Cl[Si](Cl)(c1ccccc1)c2ccccc2,Cl [ Si ] ( Cl ) ( c 1 c c c c c 1 ) c 2 c c c c c 2,0
62,[O-][N+](=O)c1cccc2c1cccc2[N+]([O-])=O,[ O- ] [ N+ ] ( = O ) c 1 c c c c 2 c 1 c c c c 2 [ N+ ] ( [ O- ] ) = O,0
63,O=C1C=CC(=O)c2ccccc12,O = C 1 C = C C ( = O ) c 2 c c c c c 1 2,0
64,O=C(Nc1ccc(Cc2ccc(NC(=O)N3CC3)cc2)cc1)N4CC4,O = C ( N c 1 c c c ( C c 2 c c c ( N C ( = O ) N 3 C C 3 ) c c 2 ) c c 1 ) N 4 C C 4,0
65,Cc1[nH]ccn1,C c 1 [ n H ] c c n 1,0
66,C=Cc1ccccn1,C = C c 1 c c c c n 1,0
67,NCCC[CH]1OC[C]2(CO1)CO[CH](CCCN)OC2,N C C C [ C H ] 1 O C [ C ] 2 ( C O 1 ) C O [ C H ] ( C C C N ) O C 2,0
68,O=C1C2=C(SC(=C(S2)C#N)C#N)C(=O)c3ccccc13,O = C 1 C 2 = C ( S C ( = C ( S 2 ) C # N ) C # N ) C ( = O ) c 3 c c c c c 1 3,0
69,CCN1CCOCC1,C C N 1 C C O C C 1,0
70,NCCN1CCNCC1,N C C N 1 C C N C C 1,0
71,O=C1NC(=O)C2CC=CCC12,O = C 1 N C ( = O ) C 2 C C = C C C 1 2,0
72,Clc1cccc(Cl)n1,Cl c 1 c c c c ( Cl ) n 1,0
73,CN1SC(=CC1=O)Cl,C N 1 S C ( = C C 1 = O ) Cl,0
74,O=C1NSc2ccccc12,O = C 1 N S c 2 c c c c c 1 2,0
75,ClCCCl,Cl C C Cl,0
76,CC(C)c1ccccc1C,C C ( C ) c 1 c c c c c 1 C,0
77,Nc1ccc(cc1)[S](N)(=O)=O,N c 1 c c c ( c c 1 ) [ S ] ( N ) ( = O ) = O,0
78,Oc1ccc(c(O)c1)C(=O)c2ccccc2,O c 1 c c c ( c ( O ) c 1 ) C ( = O ) c 2 c c c c c 2,0
79,Oc1ccccc1Cc2ccccc2O,O c 1 c c c c c 1 C c 2 c c c c c 2 O,0
80,CC(C)CC(C)(C)C,C C ( C ) C C ( C ) ( C ) C,0
81,ClC(Cl)(Cl)Cl,Cl C ( Cl ) ( Cl ) Cl,0
82,ClC(Cl)(Cl)C(Cl)(Cl)Cl,Cl C ( Cl ) ( Cl ) C ( Cl ) ( Cl ) Cl,0
83,FC(F)(Br)C(F)(F)Br,F C ( F ) ( Br ) C ( F ) ( F ) Br,0
84,CCC(C)NC(C)CC,C C C ( C ) N C ( C ) C C,0
85,NC(=O)N=NC(N)=O,N C ( = O ) N = N C ( N ) = O,0
86,CN(C)C(CSC(N)=O)CSC(N)=O,C N ( C ) C ( C S C ( N ) = O ) C S C ( N ) = O,0
87,CCCCOCCO[P](=O)(OCCOCCCC)OCCOCCCC,C C C C O C C O [ P ] ( = O ) ( O C C O C C C C ) O C C O C C C C,0
88,CCCC[Sn](CCCC)(CCCC)CCCC,C C C C [ S n ] ( C C C C ) ( C C C C ) C C C C,0
89,CC(=C)c1ccccc1,C C ( = C ) c 1 c c c c c 1,0
90,Cc1cccc(C)c1C,C c 1 c c c c ( C ) c 1 C,0
91,CCc1ccccc1C=C,C C c 1 c c c c c 1 C = C,0
92,CCc1ccc(CC)cc1,C C c 1 c c c ( C C ) c c 1,0
93,CCc1cccc(CC)c1,C C c 1 c c c c ( C C ) c 1,0
94,C=Cc1ccccc1C=C,C = C c 1 c c c c c 1 C = C,0
95,BrC(=C)c1ccccc1,Br C ( = C ) c 1 c c c c c 1,0
96,BrC=Cc1ccccc1,Br C = C c 1 c c c c c 1,0
97,Clc1cccc(Cl)c1,Cl c 1 c c c c ( Cl ) c 1,0
98,Clc1ccc(Cl)cc1,Cl c 1 c c c ( Cl ) c c 1,0
99,Clc1ccccc1Cl,Cl c 1 c c c c c 1 Cl,0
100,Brc1ccc(Br)cc1,Br c 1 c c c ( Br ) c c 1,0
101,Cc1ccc(Cl)cc1Cl,C c 1 c c c ( Cl ) c c 1 Cl,0
102,Cc1c(Cl)cccc1Cl,C c 1 c ( Cl ) c c c c 1 Cl,0
103,CNc1cccc(C)c1,C N c 1 c c c c ( C ) c 1,0
104,N(c1ccccc1)c2ccccc2,N ( c 1 c c c c c 1 ) c 2 c c c c c 2,0
105,Nc1ccc(Cl)cc1Cl,N c 1 c c c ( Cl ) c c 1 Cl,0
106,Nc1cc(Cl)ccc1Cl,N c 1 c c ( Cl ) c c c 1 Cl,0
107,Nc1ccc(cc1)N=Nc2ccccc2,N c 1 c c c ( c c 1 ) N = N c 2 c c c c c 2,0
108,Nc1ccccc1[N+]([O-])=O,N c 1 c c c c c 1 [ N+ ] ( [ O- ] ) = O,0
109,Nc1ccc(Cl)cc1[N+]([O-])=O,N c 1 c c c ( Cl ) c c 1 [ N+ ] ( [ O- ] ) = O,0
110,Nc1c(Cl)cc(cc1[N+]([O-])=O)[N+]([O-])=O,N c 1 c ( Cl ) c c ( c c 1 [ N+ ] ( [ O- ] ) = O ) [ N+ ] ( [ O- ] ) = O,0
111,[O-][N+](=O)c1ccccc1Cl,[ O- ] [ N+ ] ( = O ) c 1 c c c c c 1 Cl,0
112,[O-][N+](=O)c1ccccc1[N+]([O-])=O,[ O- ] [ N+ ] ( = O ) c 1 c c c c c 1 [ N+ ] ( [ O- ] ) = O,0
113,Cc1ccc(c(c1)[N+]([O-])=O)[N+]([O-])=O,C c 1 c c c ( c ( c 1 ) [ N+ ] ( [ O- ] ) = O ) [ N+ ] ( [ O- ] ) = O,0
114,Cc1ccc(cc1[N+]([O-])=O)[N+]([O-])=O,C c 1 c c c ( c c 1 [ N+ ] ( [ O- ] ) = O ) [ N+ ] ( [ O- ] ) = O,0
115,Cc1ccc(cc1Cl)[N+]([O-])=O,C c 1 c c c ( c c 1 Cl ) [ N+ ] ( [ O- ] ) = O,0
116,[O-][N+](=O)c1ccc(Cl)cc1C(F)(F)F,[ O- ] [ N+ ] ( = O ) c 1 c c c ( Cl ) c c 1 C ( F ) ( F ) F,0
117,[O-][N+](=O)c1ccc(Cl)c(c1)[N+]([O-])=O,[ O- ] [ N+ ] ( = O ) c 1 c c c ( Cl ) c ( c 1 ) [ N+ ] ( [ O- ] ) = O,0
118,[O-][N+](=O)c1ccc(Cl)c(Cl)c1,[ O- ] [ N+ ] ( = O ) c 1 c c c ( Cl ) c ( Cl ) c 1,0
119,[O-][N+](=O)c1ccc(Cl)cc1Cl,[ O- ] [ N+ ] ( = O ) c 1 c c c ( Cl ) c c 1 Cl,0
120,NC(=N)N(c1ccccc1)c2ccccc2,N C ( = N ) N ( c 1 c c c c c 1 ) c 2 c c c c c 2,0
121,CC(=C)c1ccc(O)cc1,C C ( = C ) c 1 c c c ( O ) c c 1,0
122,CCC(C)c1ccccc1O,C C C ( C ) c 1 c c c c c 1 O,0
123,CCC(C)c1ccc(O)cc1,C C C ( C ) c 1 c c c ( O ) c c 1,0
124,CC(C)(C)CC(C)(C)c1ccc(O)cc1,C C ( C ) ( C ) C C ( C ) ( C ) c 1 c c c ( O ) c c 1,0
125,CCCCCCCCCCCCc1ccccc1O,C C C C C C C C C C C C c 1 c c c c c 1 O,0
126,CCC(C)(C)c1ccc(O)c(c1)C(C)(C)CC,C C C ( C ) ( C ) c 1 c c c ( O ) c ( c 1 ) C ( C ) ( C ) C C,0
127,CC(C)(C)c1ccc(O)c(c1)C(C)(C)C,C C ( C ) ( C ) c 1 c c c ( O ) c ( c 1 ) C ( C ) ( C ) C,0
128,CC(C)c1cccc(C(C)C)c1O,C C ( C ) c 1 c c c c ( C ( C ) C ) c 1 O,0
129,Cc1ccc(O)c(c1)C(C)(C)C,C c 1 c c c ( O ) c ( c 1 ) C ( C ) ( C ) C,0
130,CC(C)c1ccc(C)cc1O,C C ( C ) c 1 c c c ( C ) c c 1 O,0
131,CCc1cc(c(O)c(c1)C(C)(C)C)C(C)(C)C,C C c 1 c c ( c ( O ) c ( c 1 ) C ( C ) ( C ) C ) C ( C ) ( C ) C,0
132,CC(C)(C)c1cc(CO)cc(c1O)C(C)(C)C,C C ( C ) ( C ) c 1 c c ( C O ) c c ( c 1 O ) C ( C ) ( C ) C,0
133,Oc1ccc(Cc2ccccc2)cc1,O c 1 c c c ( C c 2 c c c c c 2 ) c c 1,0
134,CCC(C)c1ccc(OCC2CO2)cc1,C C C ( C ) c 1 c c c ( O C C 2 C O 2 ) c c 1,0
135,CCCCOc1ccccc1OCCCC,C C C C O c 1 c c c c c 1 O C C C C,0
136,COc1ccc(O)c(c1)C(C)(C)C,C O c 1 c c c ( O ) c ( c 1 ) C ( C ) ( C ) C,0
137,COc1ccccc1[N+]([O-])=O,C O c 1 c c c c c 1 [ N+ ] ( [ O- ] ) = O,0
138,Cc1ccc(O)cc1[N+]([O-])=O,C c 1 c c c ( O ) c c 1 [ N+ ] ( [ O- ] ) = O,0
139,Cc1cc(O)ccc1[N+]([O-])=O,C c 1 c c ( O ) c c c 1 [ N+ ] ( [ O- ] ) = O,0
140,Cc1ccc(cc1O)[N+]([O-])=O,C c 1 c c c ( c c 1 O ) [ N+ ] ( [ O- ] ) = O,0
141,CCC(C)c1cc(cc(c1O)[N+]([O-])=O)[N+]([O-])=O,C C C ( C ) c 1 c c ( c c ( c 1 O ) [ N+ ] ( [ O- ] ) = O ) [ N+ ] ( [ O- ] ) = O,0
142,Oc1ccccc1Cl,O c 1 c c c c c 1 Cl,0
143,Oc1cccc(Cl)c1,O c 1 c c c c ( Cl ) c 1,0
144,Oc1ccc(Br)cc1,O c 1 c c c ( Br ) c c 1,0
145,Oc1cccc(Br)c1,O c 1 c c c c ( Br ) c 1,0
146,Oc1ccccc1Br,O c 1 c c c c c 1 Br,0
147,Clc1ccc(OCOCC#CI)cc1,Cl c 1 c c c ( O C O C C # C I ) c c 1,0
148,Cc1cc(O)ccc1Cl,C c 1 c c ( O ) c c c 1 Cl,0
149,Oc1ccc(Cl)cc1Cl,O c 1 c c c ( Cl ) c c 1 Cl,0
150,Oc1ccc(Br)cc1Br,O c 1 c c c ( Br ) c c 1 Br,0
151,Oc1cccc(Cl)c1Cl,O c 1 c c c c ( Cl ) c 1 Cl,0
152,Oc1c(Cl)cccc1Cl,O c 1 c ( Cl ) c c c c 1 Cl,0
153,Oc1ccc(Cl)c(Cl)c1,O c 1 c c c ( Cl ) c ( Cl ) c 1,0
154,Oc1cc(Cl)cc(Cl)c1,O c 1 c c ( Cl ) c c ( Cl ) c 1,0
155,Oc1c(Cl)cc(Cl)cc1[N+]([O-])=O,O c 1 c ( Cl ) c c ( Cl ) c c 1 [ N+ ] ( [ O- ] ) = O,0
156,C(OCc1ccccc1)c2ccccc2,C ( O C c 1 c c c c c 1 ) c 2 c c c c c 2,0
157,O=C(c1ccccc1)c2ccccc2,O = C ( c 1 c c c c c 1 ) c 2 c c c c c 2,0
158,N#Cc1ccc(cc1)C#N,N # C c 1 c c c ( c c 1 ) C # N,0
159,Clc1c(Cl)c(C#N)c(Cl)c(C#N)c1Cl,Cl c 1 c ( Cl ) c ( C # N ) c ( Cl ) c ( C # N ) c 1 Cl,0
160,CON(C)C(=O)Nc1ccc(Cl)c(Cl)c1,C O N ( C ) C ( = O ) N c 1 c c c ( Cl ) c ( Cl ) c 1,0
161,O[S](=O)(=O)c1cc(Cl)ccc1Oc2ccc(Cl)cc2NC(=O)Nc3ccc(Cl)c(Cl)c3,O [ S ] ( = O ) ( = O ) c 1 c c ( Cl ) c c c 1 O c 2 c c c ( Cl ) c c 2 N C ( = O ) N c 3 c c c ( Cl ) c ( Cl ) c 3,0
162,CCC(C)c1ccccc1OC(=O)NC,C C C ( C ) c 1 c c c c c 1 O C ( = O ) N C,0
163,CNC(=O)Oc1ccccc1C(C)C,C N C ( = O ) O c 1 c c c c c 1 C ( C ) C,0
164,Cc1ccc(cc1N=C=O)N=C=O,C c 1 c c c ( c c 1 N = C = O ) N = C = O,0
165,CCC1CCCCC1,C C C 1 C C C C C 1,0
166,C1CCCCC1,C 1 C C C C C 1,0
167,C1CCC=CC1,C 1 C C C = C C 1,0
168,ClC1C(Br)C(Br)C(Br)C(Br)C1Br,Cl C 1 C ( Br ) C ( Br ) C ( Br ) C ( Br ) C 1 Br,0
169,ClC1CCCCC1,Cl C 1 C C C C C 1,0
170,BrC1CCC(Br)C(Br)CCC1Br,Br C 1 C C C ( Br ) C ( Br ) C C C 1 Br,0
171,CCCC[Sn](CCCC)(CCCC)Oc1c(Cl)c(Cl)c(Cl)c(Cl)c1Cl,C C C C [ S n ] ( C C C C ) ( C C C C ) O c 1 c ( Cl ) c ( Cl ) c ( Cl ) c ( Cl ) c 1 Cl,0
172,CO[P](=S)(OC)Oc1ccc(c(C)c1)[N+]([O-])=O,C O [ P ] ( = S ) ( O C ) O c 1 c c c ( c ( C ) c 1 ) [ N+ ] ( [ O- ] ) = O,0
173,Oc1c(Br)c(Br)c(Br)c(Br)c1Br,O c 1 c ( Br ) c ( Br ) c ( Br ) c ( Br ) c 1 Br,0
174,CC(C)(C)c1cc(C(O)=O)c(O)c(c1)C(C)(C)C,C C ( C ) ( C ) c 1 c c ( C ( O ) = O ) c ( O ) c ( c 1 ) C ( C ) ( C ) C,0
175,CO[P](=O)(OC)OC(=CCl)c1cc(Cl)c(Cl)cc1Cl,C O [ P ] ( = O ) ( O C ) O C ( = C Cl ) c 1 c c ( Cl ) c ( Cl ) c c 1 Cl,0
176,CCc1ccc(cc1)c2ccccc2,C C c 1 c c c ( c c 1 ) c 2 c c c c c 2,0
177,CC(c1ccccc1)c2cccc(C)c2C,C C ( c 1 c c c c c 1 ) c 2 c c c c ( C ) c 2 C,0
178,Nc1ccc(Cc2ccc(N)cc2)cc1,N c 1 c c c ( C c 2 c c c ( N ) c c 2 ) c c 1,0
179,Oc1ccc(cc1)C2(CCCCC2)c3ccc(O)cc3,O c 1 c c c ( c c 1 ) C 2 ( C C C C C 2 ) c 3 c c c ( O ) c c 3,0
180,Oc1ccc(Cl)cc1Cc2cc(Cl)ccc2O,O c 1 c c c ( Cl ) c c 1 C c 2 c c ( Cl ) c c c 2 O,0
181,Oc1c(Cl)cc(Cl)c(Cl)c1Cc2c(O)c(Cl)cc(Cl)c2Cl,O c 1 c ( Cl ) c c ( Cl ) c ( Cl ) c 1 C c 2 c ( O ) c ( Cl ) c c ( Cl ) c 2 Cl,0
182,Nc1ccc(Cc2ccc(N)c(Cl)c2)cc1Cl,N c 1 c c c ( C c 2 c c c ( N ) c ( Cl ) c 2 ) c c 1 Cl,0
183,Cc1cc(Cc2cc(C)cc(c2O)C(C)(C)C)c(O)c(c1)C(C)(C)C,C c 1 c c ( C c 2 c c ( C ) c c ( c 2 O ) C ( C ) ( C ) C ) c ( O ) c ( c 1 ) C ( C ) ( C ) C,0
184,CC1CC(CCC1N)CC2CCC(N)C(C)C2,C C 1 C C ( C C C 1 N ) C C 2 C C C ( N ) C ( C ) C 2,0
185,CC(C)(c1ccc(O)cc1)c2ccc(O)cc2,C C ( C ) ( c 1 c c c ( O ) c c 1 ) c 2 c c c ( O ) c c 2,0
186,CCCCCCCCOc1ccc(c(O)c1)C(=O)c2ccccc2,C C C C C C C C O c 1 c c c ( c ( O ) c 1 ) C ( = O ) c 2 c c c c c 2,0
187,CCOC(=O)C(O)(c1ccc(Cl)cc1)c2ccc(Cl)cc2,C C O C ( = O ) C ( O ) ( c 1 c c c ( Cl ) c c 1 ) c 2 c c c ( Cl ) c c 2,0
188,CC(C)(c1cc(Br)c(O)c(Br)c1)c2cc(Br)c(O)c(Br)c2,C C ( C ) ( c 1 c c ( Br ) c ( O ) c ( Br ) c 1 ) c 2 c c ( Br ) c ( O ) c ( Br ) c 2,0
189,Nc1cccc2ccccc12,N c 1 c c c c 2 c c c c c 1 2,0
190,Nc1cccc2c(N)cccc12,N c 1 c c c c 2 c ( N ) c c c c 1 2,0
191,Nc1cccc2cccc(N)c12,N c 1 c c c c 2 c c c c ( N ) c 1 2,0
192,N(c1ccccc1)c2ccc3ccccc3c2,N ( c 1 c c c c c 1 ) c 2 c c c 3 c c c c c 3 c 2,0
193,Oc1c(Cl)cc(Cl)c2ccccc12,O c 1 c ( Cl ) c c ( Cl ) c 2 c c c c c 1 2,0
194,C1CCc2ccccc2C1,C 1 C C c 2 c c c c c 2 C 1,0
195,C1C=CCC2C=CCC12,C 1 C = C C C 2 C = C C C 1 2,0
196,C\C=C1/CC2CC1C=C2,C \ C = C 1 / C C 2 C C 1 C = C 2,0
197,C1C=CC2C3CC(C=C3)C12,C 1 C = C C 2 C 3 C C ( C = C 3 ) C 1 2,0
198,Nc1cccc2C(=O)c3ccccc3C(=O)c12,N c 1 c c c c 2 C ( = O ) c 3 c c c c c 3 C ( = O ) c 1 2,0
199,Oc1ccc(cc1)c2ccc(O)cc2,O c 1 c c c ( c c 1 ) c 2 c c c ( O ) c c 2,0
200,CC(C)(CC(=C)c1ccccc1)c2ccccc2,C C ( C ) ( C C ( = C ) c 1 c c c c c 1 ) c 2 c c c c c 2,0
201,Cc1cc(cc(C)c1OCC2CO2)c3cc(C)c(OCC4CO4)c(C)c3,C c 1 c c ( c c ( C ) c 1 O C C 2 C O 2 ) c 3 c c ( C ) c ( O C C 4 C O 4 ) c ( C ) c 3,0
202,[nH]1c2ccccc2cc1c3ccccc3,[ n H ] 1 c 2 c c c c c 2 c c 1 c 3 c c c c c 3,0
203,COC(=O)Nc1[nH]c2ccccc2n1,C O C ( = O ) N c 1 [ n H ] c 2 c c c c c 2 n 1,0
204,[O-][N+](=O)c1ccc2[nH]cnc2c1,[ O- ] [ N+ ] ( = O ) c 1 c c c 2 [ n H ] c n c 2 c 1,0
205,C=Cc1ccncc1,C = C c 1 c c n c c 1,0
206,Nc1ccccn1,N c 1 c c c c n 1,0
207,Nc1ccncc1,N c 1 c c n c c 1,0
208,Nc1cccnc1,N c 1 c c c n c 1,0
209,Oc1cccc2cccnc12,O c 1 c c c c 2 c c c n c 1 2,0
210,N1c2ccccc2Sc3ccccc13,N 1 c 2 c c c c c 2 S c 3 c c c c c 1 3,0
211,CCO[P](=S)(OCC)Oc1cc(C)nc(n1)C(C)C,C C O [ P ] ( = S ) ( O C C ) O c 1 c c ( C ) n c ( n 1 ) C ( C ) C,0
212,CN(C)c1ccc(cc1)C(=N)c2ccc(cc2)N(C)C,C N ( C ) c 1 c c c ( c c 1 ) C ( = N ) c 2 c c c ( c c 2 ) N ( C ) C,0
213,N#CSCSc1sc2ccccc2n1,N # C S C S c 1 s c 2 c c c c c 2 n 1,0
214,CN(C1CCCCC1)c2ccc3c(Oc4cc(C)c(Nc5ccccc5)cc4C36OC(=O)c7ccccc67)c2,C N ( C 1 C C C C C 1 ) c 2 c c c 3 c ( O c 4 c c ( C ) c ( N c 5 c c c c c 5 ) c c 4 C 3 6 O C ( = O ) c 7 c c c c c 6 7 ) c 2,0
215,CCNc1nc(NC(C)C)nc(SC)n1,C C N c 1 n c ( N C ( C ) C ) n c ( S C ) n 1,0
216,Nc1ccccc1c2ccccc2,N c 1 c c c c c 1 c 2 c c c c c 2,0
217,ClC(c1ccccc1)c2ccc(Cl)cc2,Cl C ( c 1 c c c c c 1 ) c 2 c c c ( Cl ) c c 2,0
218,s1cccc1,s 1 c c c c 1,0
219,CC(Cl)(Cl)Cl,C C ( Cl ) ( Cl ) Cl,0
220,CCCCC(CC)C(=O)OCC(COC(=O)C(CC)CCCC)(COC(=O)C(CC)CCCC)COC(=O)C(CC)CCCC,C C C C C ( C C ) C ( = O ) O C C ( C O C ( = O ) C ( C C ) C C C C ) ( C O C ( = O ) C ( C C ) C C C C ) C O C ( = O ) C ( C C ) C C C C,0
221,CCCCCCCCCCCCCCCCCCN=C=O,C C C C C C C C C C C C C C C C C C N = C = O,0
222,NNC(N)=S,N N C ( N ) = S,0
223,FC(F)(F)c1cccc(c1)C(F)(F)F,F C ( F ) ( F ) c 1 c c c c ( c 1 ) C ( F ) ( F ) F,0
224,Nc1cccc(c1)[N+]([O-])=O,N c 1 c c c c ( c 1 ) [ N+ ] ( [ O- ] ) = O,0
225,Oc1ccccc1[N](=O)=O,O c 1 c c c c c 1 [ N ] ( = O ) = O,0
226,COc1ccc(cc1)[N+]([O-])=O,C O c 1 c c c ( c c 1 ) [ N+ ] ( [ O- ] ) = O,0
227,Cc1ccc(O)c(c1)[N+]([O-])=O,C c 1 c c c ( O ) c ( c 1 ) [ N+ ] ( [ O- ] ) = O,0
228,OC(=O)COc1ccc(Cl)cc1Cl,O C ( = O ) C O c 1 c c c ( Cl ) c c 1 Cl,0
229,CCCCN[S](=O)(=O)c1ccccc1,C C C C N [ S ] ( = O ) ( = O ) c 1 c c c c c 1,0
230,Nc1cccc(c1)[S](=O)(=O)c2cccc(N)c2,N c 1 c c c c ( c 1 ) [ S ] ( = O ) ( = O ) c 2 c c c c ( N ) c 2,0
231,CN(C)C(=O)Nc1ccc(Cl)c(Cl)c1,C N ( C ) C ( = O ) N c 1 c c c ( Cl ) c ( Cl ) c 1,0
232,Clc1ccccc1NNc2ccccc2Cl,Cl c 1 c c c c c 1 N N c 2 c c c c c 2 Cl,0
233,C1c2ccccc2c3ccccc13,C 1 c 2 c c c c c 2 c 3 c c c c c 1 3,0
234,FC(Cl)(Cl)SN1C(=O)c2ccccc2C1=O,F C ( Cl ) ( Cl ) S N 1 C ( = O ) c 2 c c c c c 2 C 1 = O,0
235,CN(C)c1ccc(cc1)C2(OC(=O)c3cc(ccc23)N(C)C)c4ccc(cc4)N(C)C,C N ( C ) c 1 c c c ( c c 1 ) C 2 ( O C ( = O ) c 3 c c ( c c c 2 3 ) N ( C ) C ) c 4 c c c ( c c 4 ) N ( C ) C,0
236,Cc1cc(n2nc3ccc(Cl)cc3n2)c(O)c(c1)C(C)(C)C,C c 1 c c ( n 2 n c 3 c c c ( Cl ) c c 3 n 2 ) c ( O ) c ( c 1 ) C ( C ) ( C ) C,0
237,CC(C)CN1CCOCC1,C C ( C ) C N 1 C C O C C 1,0
238,CCCC1=CC(=O)NC(=S)N1,C C C C 1 = C C ( = O ) N C ( = S ) N 1,0
239,O=C1\C(Nc2ccccc12)=C\3Nc4ccccc4C3=O,O = C 1 \ C ( N c 2 c c c c c 1 2 ) = C \ 3 N c 4 c c c c c 4 C 3 = O,0
240,Oc1c(Br)c2ccccc2nc1C3C(=O)c4ccccc4C3=O,O c 1 c ( Br ) c 2 c c c c c 2 n c 1 C 3 C ( = O ) c 4 c c c c c 4 C 3 = O,0
241,[O-][N+](=O)c1cc(Cl)c(N=Nc2ccc(cc2)N(CCC#N)CCC#N)c(Cl)c1,[ O- ] [ N+ ] ( = O ) c 1 c c ( Cl ) c ( N = N c 2 c c c ( c c 2 ) N ( C C C # N ) C C C # N ) c ( Cl ) c 1,0
242,CCC(=O)Nc1cc(ccc1N=Nc2ccc(cc2Cl)[N](=O)=O)N(CCOC(C)=O)CCOC(C)=O,C C C ( = O ) N c 1 c c ( c c c 1 N = N c 2 c c c ( c c 2 Cl ) [ N ] ( = O ) = O ) N ( C C O C ( C ) = O ) C C O C ( C ) = O,0
243,Nc1c(Oc2ccc(Br)cc2)cc(O)c3C(=O)c4ccccc4C(=O)c13,N c 1 c ( O c 2 c c c ( Br ) c c 2 ) c c ( O ) c 3 C ( = O ) c 4 c c c c c 4 C ( = O ) c 1 3,0
244,Oc1ccc(Nc2ccccc2)c3C(=O)c4c(c(O)ccc4[N+]([O-])=O)C(=O)c13,O c 1 c c c ( N c 2 c c c c c 2 ) c 3 C ( = O ) c 4 c ( c ( O ) c c c 4 [ N+ ] ( [ O- ] ) = O ) C ( = O ) c 1 3,0
245,CC1=CC(C)(C)Nc2ccccc12,C C 1 = C C ( C ) ( C ) N c 2 c c c c c 1 2,0
246,ClC(Cl)Cl,Cl C ( Cl ) Cl,0
247,BrCCBr,Br C C Br,0
248,ClCC(Cl)CCl,Cl C C ( Cl ) C Cl,0
249,CCNc1ccccc1,C C N c 1 c c c c c 1,0
250,CC1(C)CC(N)CC(C)(CN)C1,C C 1 ( C ) C C ( N ) C C ( C ) ( C N ) C 1,0
251,OC(=O)c1ccc2cc(ccc2c1)C(O)=O,O C ( = O ) c 1 c c c 2 c c ( c c c 2 c 1 ) C ( O ) = O,0
252,S=C1Nc2ccccc2N1,S = C 1 N c 2 c c c c c 2 N 1,0
253,s1c2ccccc2c3ccccc13,s 1 c 2 c c c c c 2 c 3 c c c c c 1 3,0
254,Nc1sccn1,N c 1 s c c n 1,0
255,CCC1(C(=O)NC(=O)NC1=O)c2ccccc2,C C C 1 ( C ( = O ) N C ( = O ) N C 1 = O ) c 2 c c c c c 2,0
256,CC(CC(C)(C)C)CC(C)(C)CC(C)(C)C,C C ( C C ( C ) ( C ) C ) C C ( C ) ( C ) C C ( C ) ( C ) C,0
257,CC(C)(C)N,C C ( C ) ( C ) N,0
258,CN(C)CCN,C N ( C ) C C N,0
259,NCCNCCN,N C C N C C N,0
260,NCCNCCNCCN,N C C N C C N C C N,0
261,CC(C)(C)OO,C C ( C ) ( C ) O O,0
262,NCCNCCO,N C C N C C O,0
263,CCCCCCCCCCCCCCCCCCS,C C C C C C C C C C C C C C C C C C S,0
264,NC(N)=NC#N,N C ( N ) = N C # N,0
265,CCCCCCCCCCCCSP(SCCCCCCCCCCCC)SCCCCCCCCCCCC,C C C C C C C C C C C C S P ( S C C C C C C C C C C C C ) S C C C C C C C C C C C C,0
266,CCO[P](=O)(OCC)OCC,C C O [ P ] ( = O ) ( O C C ) O C C,0
267,CO[P](=O)(OC)OC,C O [ P ] ( = O ) ( O C ) O C,0
268,CCCCC(CC)CO[P](=O)(OCC(CC)CCCC)OCC(CC)CCCC,C C C C C ( C C ) C O [ P ] ( = O ) ( O C C ( C C ) C C C C ) O C C ( C C ) C C C C,0
269,CCCCCC[Si](Cl)(CCCCCC)CCCCCC,C C C C C C [ Si ] ( Cl ) ( C C C C C C ) C C C C C C,0
270,Cc1ccc(N)cc1N,C c 1 c c c ( N ) c c 1 N,0
271,Cc1ccc(C)c(N)c1,C c 1 c c c ( C ) c ( N ) c 1,0
272,CN(C)c1ccc(Cc2ccc(cc2)N(C)C)cc1,C N ( C ) c 1 c c c ( C c 2 c c c ( c c 2 ) N ( C ) C ) c c 1,0
273,CN(C)c1cccc(c1)C(O)=O,C N ( C ) c 1 c c c c ( c 1 ) C ( O ) = O,0
274,OC(=O)c1cccc(c1C(O)=O)[N+]([O-])=O,O C ( = O ) c 1 c c c c ( c 1 C ( O ) = O ) [ N+ ] ( [ O- ] ) = O,0
276,Cc1ccc(N)c(c1)[S](O)(=O)=O,C c 1 c c c ( N ) c ( c 1 ) [ S ] ( O ) ( = O ) = O,0
277,Cc1cc(N)c(cc1Cl)[S](O)(=O)=O,C c 1 c c ( N ) c ( c c 1 Cl ) [ S ] ( O ) ( = O ) = O,0
278,Oc1ccc(cc1)[S](=O)(=O)c2ccc(O)cc2,O c 1 c c c ( c c 1 ) [ S ] ( = O ) ( = O ) c 2 c c c ( O ) c c 2,0
279,CC1CCC2C(C1)C(=O)OC2=O,C C 1 C C C 2 C ( C 1 ) C ( = O ) O C 2 = O,0
280,S=C(NC1CCCCC1)NC2CCCCC2,S = C ( N C 1 C C C C C 1 ) N C 2 C C C C C 2,0
281,Cl[Si](c1ccccc1)(c2ccccc2)c3ccccc3,Cl [ Si ] ( c 1 c c c c c 1 ) ( c 2 c c c c c 2 ) c 3 c c c c c 3,0
282,Brc1c(Br)c(Br)c(Oc2c(Br)c(Br)c(Br)c(Br)c2Br)c(Br)c1Br,Br c 1 c ( Br ) c ( Br ) c ( O c 2 c ( Br ) c ( Br ) c ( Br ) c ( Br ) c 2 Br ) c ( Br ) c 1 Br,0
284,CC(C)(c1ccccc1)c2ccc(Nc3ccc(cc3)C(C)(C)c4ccccc4)cc2,C C ( C ) ( c 1 c c c c c 1 ) c 2 c c c ( N c 3 c c c ( c c 3 ) C ( C ) ( C ) c 4 c c c c c 4 ) c c 2,0
285,OC(=O)C(O)(c1ccccc1)c2ccccc2,O C ( = O ) C ( O ) ( c 1 c c c c c 1 ) c 2 c c c c c 2,0
286,Nc1ccc(\C=C\c2ccc(N)cc2[S](O)(=O)=O)c(c1)[S](O)(=O)=O,N c 1 c c c ( \ C = C \ c 2 c c c ( N ) c c 2 [ S ] ( O ) ( = O ) = O ) c ( c 1 ) [ S ] ( O ) ( = O ) = O,0
287,OC(=O)c1ccc(Cl)c2c(Cl)ccc(C(=O)OC(=O)c3ccc(Cl)c4c(Cl)ccc(C(O)=O)c34)c12,O C ( = O ) c 1 c c c ( Cl ) c 2 c ( Cl ) c c c ( C ( = O ) O C ( = O ) c 3 c c c ( Cl ) c 4 c ( Cl ) c c c ( C ( O ) = O ) c 3 4 ) c 1 2,0
288,OC(=O)C1C(C(O)=O)C2(Cl)C(=C(Cl)C1(Cl)C2(Cl)Cl)Cl,O C ( = O ) C 1 C ( C ( O ) = O ) C 2 ( Cl ) C ( = C ( Cl ) C 1 ( Cl ) C 2 ( Cl ) Cl ) Cl,0
289,CC(C)C1=CC2C(C)CC1C3C2C(=O)OC3=O,C C ( C ) C 1 = C C 2 C ( C ) C C 1 C 3 C 2 C ( = O ) O C 3 = O,0
290,C1Cc2cccc3cccc1c23,C 1 C c 2 c c c c 3 c c c c 1 c 2 3,0
291,Nc1c(Cl)cc(cc1[S](O)(=O)=O)c2cc(Cl)c(N)c(c2)[S](O)(=O)=O,N c 1 c ( Cl ) c c ( c c 1 [ S ] ( O ) ( = O ) = O ) c 2 c c ( Cl ) c ( N ) c ( c 2 ) [ S ] ( O ) ( = O ) = O,0
292,OC(=O)Cc1cccc2ccccc12,O C ( = O ) C c 1 c c c c 2 c c c c c 1 2,0
293,ClC(Cl)C(Cl)(Cl)SN1C(=O)C2CC=CCC2C1=O,Cl C ( Cl ) C ( Cl ) ( Cl ) S N 1 C ( = O ) C 2 C C = C C C 2 C 1 = O,0
294,Nc1[nH]cnn1,N c 1 [ n H ] c n n 1,0
295,CC1(C)CC(O)CC(C)(C)N1,C C 1 ( C ) C C ( O ) C C ( C ) ( C ) N 1,0
296,S=C(SSSSC(=S)N1CCCCC1)N2CCCCC2,S = C ( S S S S C ( = S ) N 1 C C C C C 1 ) N 2 C C C C C 2,0
297,C1COCCO1,C 1 C O C C O 1,0
298,Nc1nc(N)nc(N)n1,N c 1 n c ( N ) n c ( N ) n 1,0
299,O=C1NC(=O)NC(=O)N1,O = C 1 N C ( = O ) N C ( = O ) N 1,0
301,C1CCN2CCCN=C2CC1,C 1 C C N 2 C C C N = C 2 C C 1,0
302,C1CN2CCN1CC2,C 1 C N 2 C C N 1 C C 2,0
303,CC(=O)CC(=O)Nc1ccc(cc1C)c2ccc(NC(=O)CC(C)=O)c(C)c2,C C ( = O ) C C ( = O ) N c 1 c c c ( c c 1 C ) c 2 c c c ( N C ( = O ) C C ( C ) = O ) c ( C ) c 2,0
304,CC(=O)OCCN(CCOC(C)=O)c1ccc(N=Nc2sc3cc(Cl)ccc3n2)c(NC(=O)c4ccccc4)c1,C C ( = O ) O C C N ( C C O C ( C ) = O ) c 1 c c c ( N = N c 2 s c 3 c c ( Cl ) c c c 3 n 2 ) c ( N C ( = O ) c 4 c c c c c 4 ) c 1,0
305,CC(=O)C(N=Nc1ccc(cc1Cl)c2ccc(N=NC(C(C)=O)C(=O)Nc3ccccc3)c(Cl)c2)C(=O)Nc4ccccc4,C C ( = O ) C ( N = N c 1 c c c ( c c 1 Cl ) c 2 c c c ( N = N C ( C ( C ) = O ) C ( = O ) N c 3 c c c c c 3 ) c ( Cl ) c 2 ) C ( = O ) N c 4 c c c c c 4,0
306,Cc1ccc(N=Nc2c(O)ccc3ccccc23)c(c1)[N+]([O-])=O,C c 1 c c c ( N = N c 2 c ( O ) c c c 3 c c c c c 2 3 ) c ( c 1 ) [ N+ ] ( [ O- ] ) = O,0
307,Clc1c(Cl)c(Cl)c2C(=O)NC(=O)c2c1Cl,Cl c 1 c ( Cl ) c ( Cl ) c 2 C ( = O ) N C ( = O ) c 2 c 1 Cl,0
308,Clc1ccccc1C2CO2,Cl c 1 c c c c c 1 C 2 C O 2,0
309,NCC1CCC(CC1)C(O)=O,N C C 1 C C C ( C C 1 ) C ( O ) = O,0
310,NN,N N,0
311,CC(C)CC=C,C C ( C ) C C = C,0
312,ClCCCCCCCCCl,Cl C C C C C C C C Cl,0
313,ClCC(Cl)(Cl)CCl,Cl C C ( Cl ) ( Cl ) C Cl,0
314,FC(F)(Cl)C(F)(Cl)Cl,F C ( F ) ( Cl ) C ( F ) ( Cl ) Cl,0
315,ClC=C(Cl)Cl,Cl C = C ( Cl ) Cl,0
316,CCCCN(CCCC)CCCC,C C C C N ( C C C C ) C C C C,0
317,CN(C)CCCCCCN(C)C,C N ( C ) C C C C C C N ( C ) C,0
318,CCN(O)CC,C C N ( O ) C C,0
319,CC(C)(CO)CO,C C ( C ) ( C O ) C O,0
320,CCC(CO)(CO)CO,C C C ( C O ) ( C O ) C O,0
321,CC(C)(C)NCCO,C C ( C ) ( C ) N C C O,0
322,CCN(CC)CCO,C C N ( C C ) C C O,0
323,CCC(N)(CO)CO,C C C ( N ) ( C O ) C O,0
324,CCCCN(CCO)CCCC,C C C C N ( C C O ) C C C C,0
325,CCCCOCCCC,C C C C O C C C C,0
326,CC(C)(C)OOC(C)(C)CCC(C)(C)OOC(C)(C)C,C C ( C ) ( C ) O O C ( C ) ( C ) C C C ( C ) ( C ) O O C ( C ) ( C ) C,0
327,OCC(CO)(CO)COCC(CO)(CO)CO,O C C ( C O ) ( C O ) C O C C ( C O ) ( C O ) C O,0
328,CC(O)COC(C)COC(C)CO,C C ( O ) C O C ( C ) C O C ( C ) C O,0
329,CCCCCCCCCCCCCCCCCC(=O)NCCNC(=O)CCCCCCCCCCCCCCCCC,C C C C C C C C C C C C C C C C C C ( = O ) N C C N C ( = O ) C C C C C C C C C C C C C C C C C,0
330,NNC(=O)CCCCC(=O)NN,N N C ( = O ) C C C C C ( = O ) N N,0
331,OC(=O)C(Br)C(Br)C(O)=O,O C ( = O ) C ( Br ) C ( Br ) C ( O ) = O,0
332,OC(=O)CN(CC(O)=O)CC(O)=O,O C ( = O ) C N ( C C ( O ) = O ) C C ( O ) = O,0
333,CCO[P]([S-])(=S)OCC,C C O [ P ] ( [ S - ] ) ( = S ) O C C,0
334,CN(C)[P](=O)(N(C)C)N(C)C,C N ( C ) [ P ] ( = O ) ( N ( C ) C ) N ( C ) C,0
335,BrCC(Br)CO[P](=O)(OCC(Br)CBr)OCC(Br)CBr,Br C C ( Br ) C O [ P ] ( = O ) ( O C C ( Br ) C Br ) O C C ( Br ) C Br,0
336,CCCCO[P](O)(=O)OCCCC,C C C C O [ P ] ( O ) ( = O ) O C C C C,0
337,CCCC[Sn](CCCC)(CCCC)O[Sn](CCCC)(CCCC)CCCC,C C C C [ S n ] ( C C C C ) ( C C C C ) O [ S n ] ( C C C C ) ( C C C C ) C C C C,0
338,CCCC[Sn](CCCC)(CCCC)OC(C)=O,C C C C [ S n ] ( C C C C ) ( C C C C ) O C ( C ) = O,0
339,CCCCCCCC[Sn](CCCCCCCC)(CCCCCCCC)CCCCCCCC,C C C C C C C C [ S n ] ( C C C C C C C C ) ( C C C C C C C C ) C C C C C C C C,0
340,C=CCN(CC=C)CC=C,C = C C N ( C C = C ) C C = C,0
341,CCC(CO)(CO)COCC(CC)(CO)CO,C C C ( C O ) ( C O ) C O C C ( C C ) ( C O ) C O,0
342,Clc1ccc(cc1)[S](=O)(=O)c2ccc(Cl)cc2,Cl c 1 c c c ( c c 1 ) [ S ] ( = O ) ( = O ) c 2 c c c ( Cl ) c c 2,0
343,OC(=O)c1c(Cl)ccc(Cl)c1Cl,O C ( = O ) c 1 c ( Cl ) c c c ( Cl ) c 1 Cl,0
344,CN(C)c1ccccc1,C N ( C ) c 1 c c c c c 1,0
345,Cc1cccc(N)c1C,C c 1 c c c c ( N ) c 1 C,0
346,Cc1cc(C)cc(N)c1,C c 1 c c ( C ) c c ( N ) c 1,0
347,CCNc1ccc(C)cc1,C C N c 1 c c c ( C ) c c 1,0
348,CNc1ccccc1C,C N c 1 c c c c c 1 C,0
349,CC(C)CC(C)Nc1ccc(Nc2ccccc2)cc1,C C ( C ) C C ( C ) N c 1 c c c ( N c 2 c c c c c 2 ) c c 1,0
350,CC(C)Nc1ccc(Nc2ccccc2)cc1,C C ( C ) N c 1 c c c ( N c 2 c c c c c 2 ) c c 1,0
351,C1OC1CN(CC2CO2)c3ccccc3,C 1 O C 1 C N ( C C 2 C O 2 ) c 3 c c c c c 3,0
352,Nc1cccc(N)c1,N c 1 c c c c ( N ) c 1,0
353,Nc1cccc(Cl)c1,N c 1 c c c c ( Cl ) c 1,0
354,Nc1ccccc1Cl,N c 1 c c c c c 1 Cl,0
355,CC(C)c1ccc(N)cc1,C C ( C ) c 1 c c c ( N ) c c 1,0
356,Cc1ccccc1N(CC2CO2)CC3CO3,C c 1 c c c c c 1 N ( C C 2 C O 2 ) C C 3 C O 3,0
357,Cc1cccc(c1)[N+]([O-])=O,C c 1 c c c c ( c 1 ) [ N+ ] ( [ O- ] ) = O,0
358,Cc1ccccc1[N+]([O-])=O,C c 1 c c c c c 1 [ N+ ] ( [ O- ] ) = O,0
359,Cc1ccc(cc1)[N+]([O-])=O,C c 1 c c c ( c c 1 ) [ N+ ] ( [ O- ] ) = O,0
360,Cc1cccc(C)c1O,C c 1 c c c c ( C ) c 1 O,0
361,Cc1ccc(C)c(O)c1C,C c 1 c c c ( C ) c ( O ) c 1 C,0
362,COc1ccc(C)cc1N,C O c 1 c c c ( C ) c c 1 N,0
363,Cc1cccc(Oc2ccccc2)c1,C c 1 c c c c ( O c 2 c c c c c 2 ) c 1,0
364,CCC(Oc1ccc(cc1C(C)(C)CC)C(C)(C)CC)C(=O)Nc2ccc(NC(=O)C(F)(F)C(F)(F)C(F)(F)F)c(O)c2,C C C ( O c 1 c c c ( c c 1 C ( C ) ( C ) C C ) C ( C ) ( C ) C C ) C ( = O ) N c 2 c c c ( N C ( = O ) C ( F ) ( F ) C ( F ) ( F ) C ( F ) ( F ) F ) c ( O ) c 2,0
365,NN[S](=O)(=O)c1ccc(Oc2ccc(cc2)[S](=O)(=O)NN)cc1,N N [ S ] ( = O ) ( = O ) c 1 c c c ( O c 2 c c c ( c c 2 ) [ S ] ( = O ) ( = O ) N N ) c c 1,0
366,Cc1cc(Cl)ccc1OCC(O)=O,C c 1 c c ( Cl ) c c c 1 O C C ( O ) = O,0
367,Cc1cc(O)c(cc1Sc2cc(c(O)cc2C)C(C)(C)C)C(C)(C)C,C c 1 c c ( O ) c ( c c 1 S c 2 c c ( c ( O ) c c 2 C ) C ( C ) ( C ) C ) C ( C ) ( C ) C,0
368,CCN(CC)c1ccc(C=O)cc1,C C N ( C C ) c 1 c c c ( C = O ) c c 1,0
369,Clc1c(Cl)c(Cl)c(C#N)c(C#N)c1Cl,Cl c 1 c ( Cl ) c ( Cl ) c ( C # N ) c ( C # N ) c 1 Cl,0
370,Cc1ccc(cc1)[S](N)(=O)=O,C c 1 c c c ( c c 1 ) [ S ] ( N ) ( = O ) = O,0
371,Cc1ccc(cc1[S](O)(=O)=O)[N+]([O-])=O,C c 1 c c c ( c c 1 [ S ] ( O ) ( = O ) = O ) [ N+ ] ( [ O- ] ) = O,0
372,Cc1ccccc1NC(N)=Nc2ccccc2C,C c 1 c c c c c 1 N C ( N ) = N c 2 c c c c c 2 C,0
373,CNC(=O)Oc1cc(C)cc(C)c1,C N C ( = O ) O c 1 c c ( C ) c c ( C ) c 1,0
374,BrC1CCC(Br)C(Br)CCC(Br)C(Br)CCC1Br,Br C 1 C C C ( Br ) C ( Br ) C C C ( Br ) C ( Br ) C C C 1 Br,0
375,C1CC2OC2CC1C3CO3,C 1 C C 2 O C 2 C C 1 C 3 C O 3,0
376,CC1=CC(=O)CC(C)(C)C1,C C 1 = C C ( = O ) C C ( C ) ( C ) C 1,0
377,OC(=O)[C@@H]1CCCC[C@@H]1C(=O)OC(=O)[C@@H]2CCCC[C@@H]2C(O)=O,O C ( = O ) [ C @ @ H ] 1 C C C C [ C @ @ H ] 1 C ( = O ) O C ( = O ) [ C @ @ H ] 2 C C C C [ C @ @ H ] 2 C ( O ) = O,0
378,CCCCC(CC)CO[P](=O)(Oc1ccccc1)Oc2ccccc2,C C C C C ( C C ) C O [ P ] ( = O ) ( O c 1 c c c c c 1 ) O c 2 c c c c c 2,0
379,CN(C)C(=S)S[Sn](c1ccccc1)(c2ccccc2)c3ccccc3,C N ( C ) C ( = S ) S [ S n ] ( c 1 c c c c c 1 ) ( c 2 c c c c c 2 ) c 3 c c c c c 3,0
380,CCOC(=O)C(S[P](=S)(OC)OC)c1ccccc1,C C O C ( = O ) C ( S [ P ] ( = S ) ( O C ) O C ) c 1 c c c c c 1,0
381,CCO[P](=S)(Oc1ccc(cc1)[N+]([O-])=O)c2ccccc2,C C O [ P ] ( = S ) ( O c 1 c c c ( c c 1 ) [ N+ ] ( [ O- ] ) = O ) c 2 c c c c c 2,0
382,CCCCc1ccc(C=O)cc1,C C C C c 1 c c c ( C = O ) c c 1,0
383,Oc1c(Cl)c(Cl)c(Cl)c(Cl)c1Cl,O c 1 c ( Cl ) c ( Cl ) c ( Cl ) c ( Cl ) c 1 Cl,0
384,CC(Br)(CBr)COc1c(Br)cc(Br)cc1Br,C C ( Br ) ( C Br ) C O c 1 c ( Br ) c c ( Br ) c c 1 Br,0
385,O=C1CCCCC1C2=CCCCC2,O = C 1 C C C C C 1 C 2 = C C C C C 2,0
386,CC(C)(c1ccc(OCCO)cc1)c2ccc(OCCO)cc2,C C ( C ) ( c 1 c c c ( O C C O ) c c 1 ) c 2 c c c ( O C C O ) c c 2,0
387,CC(c1ccccc1)c2ccc(O)c(C(C)c3ccccc3)c2C(C)c4ccccc4,C C ( c 1 c c c c c 1 ) c 2 c c c ( O ) c ( C ( C ) c 3 c c c c c 3 ) c 2 C ( C ) c 4 c c c c c 4,0
388,CC(C)(c1cc(Br)c(OCC(Br)CBr)c(Br)c1)c2cc(Br)c(OCC(Br)CBr)c(Br)c2,C C ( C ) ( c 1 c c ( Br ) c ( O C C ( Br ) C Br ) c ( Br ) c 1 ) c 2 c c ( Br ) c ( O C C ( Br ) C Br ) c ( Br ) c 2,0
389,COC(=O)c1ccccc1C(=O)c2ccccc2,C O C ( = O ) c 1 c c c c c 1 C ( = O ) c 2 c c c c c 2,0
390,CC1CC(C)C(=O)C(C1)C(O)CC2CC(=O)NC(=O)C2,C C 1 C C ( C ) C ( = O ) C ( C 1 ) C ( O ) C C 2 C C ( = O ) N C ( = O ) C 2,0
391,ClC1=C(Cl)C2(Cl)C3CCC4C(CCC3C1(Cl)C2(Cl)Cl)C5(Cl)C(=C(Cl)C4(Cl)C5(Cl)Cl)Cl,Cl C 1 = C ( Cl ) C 2 ( Cl ) C 3 C C C 4 C ( C C C 3 C 1 ( Cl ) C 2 ( Cl ) Cl ) C 5 ( Cl ) C ( = C ( Cl ) C 4 ( Cl ) C 5 ( Cl ) Cl ) Cl,0
392,CCCCC(CC)CN1C(=O)C2C(C1=O)C3(CCC2(C)C=C3)C(C)C,C C C C C ( C C ) C N 1 C ( = O ) C 2 C ( C 1 = O ) C 3 ( C C C 2 ( C ) C = C 3 ) C ( C ) C,0
393,CCNc1cccc2ccccc12,C C N c 1 c c c c 2 c c c c c 1 2,0
394,CC(C)C1CCCc2ccccc12,C C ( C ) C 1 C C C c 2 c c c c c 1 2,0
395,CC1(C)C2CCC(C2)C1=C,C C 1 ( C ) C 2 C C C ( C 2 ) C 1 = C,0
396,Clc1cccc2C(=O)c3ccccc3C(=O)c12,Cl c 1 c c c c 2 C ( = O ) c 3 c c c c c 3 C ( = O ) c 1 2,0
397,Nc1c(Br)cc(O)c2C(=O)c3ccccc3C(=O)c12,N c 1 c ( Br ) c c ( O ) c 2 C ( = O ) c 3 c c c c c 3 C ( = O ) c 1 2,0
398,Oc1cccc2C(=O)c3ccccc3C(=O)c12,O c 1 c c c c 2 C ( = O ) c 3 c c c c c 3 C ( = O ) c 1 2,0
399,O=C1c2ccccc2C(=O)c3c4ccccc4ccc13,O = C 1 c 2 c c c c c 2 C ( = O ) c 3 c 4 c c c c c 4 c c c 1 3,0
400,Brc1c(Br)c(Br)c(c(Br)c1Br)c2c(Br)c(Br)c(Br)c(Br)c2Br,Br c 1 c ( Br ) c ( Br ) c ( c ( Br ) c 1 Br ) c 2 c ( Br ) c ( Br ) c ( Br ) c ( Br ) c 2 Br,0
401,Nc1ccc(cc1Cl)c2ccc(N)c(Cl)c2,N c 1 c c c ( c c 1 Cl ) c 2 c c c ( N ) c ( Cl ) c 2,0
402,CCCCCCc1ccc(cc1)c2ccc(cc2)C#N,C C C C C C c 1 c c c ( c c 1 ) c 2 c c c ( c c 2 ) C # N,0
403,Cc1ccc(C)c(Cc2ccccc2)c1,C c 1 c c c ( C ) c ( C c 2 c c c c c 2 ) c 1,0
404,CCCCCCCCCCCCCCCCCCNC(=O)N1CC1,C C C C C C C C C C C C C C C C C C N C ( = O ) N 1 C C 1,0
405,Cc1cscc1,C c 1 c s c c 1,0
406,S=C1Nc2ccccc2S1,S = C 1 N c 2 c c c c c 2 S 1,0
407,S(Sc1sc2ccccc2n1)c3sc4ccccc4n3,S ( S c 1 s c 2 c c c c c 2 n 1 ) c 3 s c 4 c c c c c 4 n 3,0
408,Cc1ccc(O)c(c1)n2n3n2c4ccccc34,C c 1 c c c ( O ) c ( c 1 ) n 2 n 3 n 2 c 4 c c c c c 3 4,0
409,Cc1ccccn1,C c 1 c c c c n 1,0
410,Cc1cccnc1,C c 1 c c c n c 1,0
411,Clc1ccccn1,Cl c 1 c c c c n 1,0
412,N#Cc1cccnc1,N # C c 1 c c c n c 1,0
413,CN1CCCCC1,C N 1 C C C C C 1,0
414,c1ccc2ncccc2c1,c 1 c c c 2 n c c c c 2 c 1,0
415,CCOc1ccc2NC(C)(C)C=C(C)c2c1,C C O c 1 c c c 2 N C ( C ) ( C ) C = C ( C ) c 2 c 1,0
416,C1CN(CCO1)SSN2CCOCC2,C 1 C N ( C C O 1 ) S S N 2 C C O C C 2,0
417,C1CNCCN1,C 1 C N C C N 1,0
418,Nc1nc(N)nc(n1)c2ccccc2,N c 1 n c ( N ) n c ( n 1 ) c 2 c c c c c 2,0
419,C=CCN1C(=O)N(CC=C)C(=O)N(CC=C)C1=O,C = C C N 1 C ( = O ) N ( C C = C ) C ( = O ) N ( C C = C ) C 1 = O,0
420,CC(=O)C(N=Nc1ccc(cc1Cl)c2ccc(N=NC(C(C)=O)C(=O)Nc3ccccc3C)c(Cl)c2)C(=O)Nc4ccccc4C,C C ( = O ) C ( N = N c 1 c c c ( c c 1 Cl ) c 2 c c c ( N = N C ( C ( C ) = O ) C ( = O ) N c 3 c c c c c 3 C ) c ( Cl ) c 2 ) C ( = O ) N c 4 c c c c c 4 C,0
421,O=C1C=CC(=O)N1c2ccc(Cc3ccc(cc3)N4C(=O)C=CC4=O)cc2,O = C 1 C = C C ( = O ) N 1 c 2 c c c ( C c 3 c c c ( c c 3 ) N 4 C ( = O ) C = C C 4 = O ) c c 2,0
422,CC(C)Oc1cc(N2N=C(OC2=O)C(C)(C)C)c(Cl)cc1Cl,C C ( C ) O c 1 c c ( N 2 N = C ( O C 2 = O ) C ( C ) ( C ) C ) c ( Cl ) c c 1 Cl,0
423,CCO[P](=S)(OCC)Oc1nc(Cl)c(Cl)cc1Cl,C C O [ P ] ( = S ) ( O C C ) O c 1 n c ( Cl ) c ( Cl ) c c 1 Cl,0
424,CC1CCCC(C)N1,C C 1 C C C C ( C ) N 1,0
425,CCNc1nc(Cl)nc(NCC)n1,C C N c 1 n c ( Cl ) n c ( N C C ) n 1,0
426,CCNc1nc(Cl)nc(NC(C)C)n1,C C N c 1 n c ( Cl ) n c ( N C ( C ) C ) n 1,0
427,CC(C)=CC1C(C(=O)OC2CC(=O)C(=C2C)CC=C)C1(C)C,C C ( C ) = C C 1 C ( C ( = O ) O C 2 C C ( = O ) C ( = C 2 C ) C C = C ) C 1 ( C ) C,0
428,CCN(C(=O)\C=C\C)c1ccccc1C,C C N ( C ( = O ) \ C = C \ C ) c 1 c c c c c 1 C,0
429,CC(C)=CC1C(C(=O)OCN2C(=O)C3=C(CCCC3)C2=O)C1(C)C,C C ( C ) = C C 1 C ( C ( = O ) O C N 2 C ( = O ) C 3 = C ( C C C C 3 ) C 2 = O ) C 1 ( C ) C,0
430,Cc1cc(ccc1N)c2ccc(N)c(C)c2,C c 1 c c ( c c c 1 N ) c 2 c c c ( N ) c ( C ) c 2,0
431,Clc1ccc(NC(=O)Nc2ccc(Cl)c(Cl)c2)cc1,Cl c 1 c c c ( N C ( = O ) N c 2 c c c ( Cl ) c ( Cl ) c 2 ) c c 1,0
432,NC(=O)Nc1ccccc1,N C ( = O ) N c 1 c c c c c 1,0
433,o1c2ccccc2c3ccccc13,o 1 c 2 c c c c c 2 c 3 c c c c c 1 3,0
434,C\C=C\C\C=C\C\C=C\CC=C,C \ C = C \ C \ C = C \ C \ C = C \ C C = C,0
435,ClCCl,Cl C Cl,0
436,ClCBr,Cl C Br,0
437,BrCCCBr,Br C C C Br,0
438,ClCCCCCl,Cl C C C C Cl,0
439,CCCCCBr,C C C C C Br,0
440,BrCCCCCCCCCCBr,Br C C C C C C C C C C Br,0
441,BrCC(CBr)(CBr)CBr,Br C C ( C Br ) ( C Br ) C Br,0
442,FC(Cl)(Cl)C(F)(Cl)Cl,F C ( Cl ) ( Cl ) C ( F ) ( Cl ) Cl,0
443,ClC(Cl)=C(Cl)Cl,Cl C ( Cl ) = C ( Cl ) Cl,0
444,ClC(Cl)=C(Cl)C(Cl)=C(Cl)Cl,Cl C ( Cl ) = C ( Cl ) C ( Cl ) = C ( Cl ) Cl,0
445,CC(CCO)CC(C)(C)C,C C ( C C O ) C C ( C ) ( C ) C,0
446,CCCCC(CC)(CO)CO,C C C C C ( C C ) ( C O ) C O,0
447,CC(CO)(CO)CO,C C ( C O ) ( C O ) C O,0
448,OCC(CO)(CO)CO,O C C ( C O ) ( C O ) C O,0
449,OCC(F)(F)C(F)(F)C(F)(F)C(F)(F)C(F)(F)C(F)F,O C C ( F ) ( F ) C ( F ) ( F ) C ( F ) ( F ) C ( F ) ( F ) C ( F ) ( F ) C ( F ) F,0
450,CN(CCO)CCO,C N ( C C O ) C C O,0
451,CCCCCCCC(=O)OC,C C C C C C C C ( = O ) O C,0
452,CCCCC(CC)COC=C,C C C C C ( C C ) C O C = C,0
453,C(CCOCC1CO1)COCC2CO2,C ( C C O C C 1 C O 1 ) C O C C 2 C O 2,0
454,ClCCOCCOCCCl,Cl C C O C C O C C Cl,0
455,CCCCCCCCCCSSCCCCCCCCCC,C C C C C C C C C C S S C C C C C C C C C C,0
456,COC(C)(C)CC(C)=O,C O C ( C ) ( C ) C C ( C ) = O,0
457,CN(C)C=O,C N ( C ) C = O,0
458,CCC(COC(=O)C(C)=C)(COC(=O)C(C)=C)COC(=O)C(C)=C,C C C ( C O C ( = O ) C ( C ) = C ) ( C O C ( = O ) C ( C ) = C ) C O C ( = O ) C ( C ) = C,0
459,CCCCCCCCCCCCCCCC(N)=O,C C C C C C C C C C C C C C C C ( N ) = O,0
460,CCCCCCCCCCCCCCCC/C=C/C1CC(=O)OC1=O,C C C C C C C C C C C C C C C C / C = C / C 1 C C ( = O ) O C 1 = O,0
461,CCC(COC(=O)C=C)(COC(=O)C=C)COC(=O)C=C,C C C ( C O C ( = O ) C = C ) ( C O C ( = O ) C = C ) C O C ( = O ) C = C,0
462,OCC(COC(=O)C=C)(COC(=O)C=C)COC(=O)C=C,O C C ( C O C ( = O ) C = C ) ( C O C ( = O ) C = C ) C O C ( = O ) C = C,0
463,CC(=C)C(=O)OC(C)(C)C,C C ( = C ) C ( = O ) O C ( C ) ( C ) C,0
464,CC(C)OC(Cl)=O,C C ( C ) O C ( Cl ) = O,0
465,OC(=O)C(Cl)(Cl)Cl,O C ( = O ) C ( Cl ) ( Cl ) Cl,0
466,CC(C)(CO)COC(=O)C(C)(C)CO,C C ( C ) ( C O ) C O C ( = O ) C ( C ) ( C ) C O,0
467,CCCCCCCCCCCCSCCC(=O)OCC(COC(=O)CCSCCCCCCCCCCCC)(COC(=O)CCSCCCCCCCCCCCC)COC(=O)CCSCCCCCCCCCCCC,C C C C C C C C C C C C S C C C ( = O ) O C C ( C O C ( = O ) C C S C C C C C C C C C C C C ) ( C O C ( = O ) C C S C C C C C C C C C C C C ) C O C ( = O ) C C S C C C C C C C C C C C C,0
468,COC(=O)CC(=O)C(C)(C)C,C O C ( = O ) C C ( = O ) C ( C ) ( C ) C,0
469,C[S](C)=O,C [ S ] ( C ) = O,0
470,CC(C)OC(=O)OOC(C)(C)C,C C ( C ) O C ( = O ) O O C ( C ) ( C ) C,0
471,CC(C)=NNC(N)=S,C C ( C ) = N N C ( N ) = S,0
472,NC(=N)N[N+]([O-])=O,N C ( = N ) N [ N+ ] ( [ O- ] ) = O,0
473,CNC(S)=S,C N C ( S ) = S,0
474,ClCCO[P](=O)(OCCCl)OCCCl,Cl C C O [ P ] ( = O ) ( O C C Cl ) O C C Cl,0
475,CCOC(=O)CC(S[P](=S)(OC)OC)C(=O)OCC,C C O C ( = O ) C C ( S [ P ] ( = S ) ( O C ) O C ) C ( = O ) O C C,0
476,CCCCC(CC)CO[P](O)(=O)OCC(CC)CCCC,C C C C C ( C C ) C O [ P ] ( O ) ( = O ) O C C ( C C ) C C C C,0
477,CC(C)(O)C(Cl)(Cl)Cl,C C ( C ) ( O ) C ( Cl ) ( Cl ) Cl,0
478,CCC(C)=NO[Si](C)(ON=C(C)CC)ON=C(C)CC,C C C ( C ) = N O [ Si ] ( C ) ( O N = C ( C ) C C ) O N = C ( C ) C C,0
479,CCO[Si](CCCN)(OCC)OCC,C C O [ Si ] ( C C C N ) ( O C C ) O C C,0
480,OCC(CO)(CBr)CBr,O C C ( C O ) ( C Br ) C Br,0
481,CCN(CCO)CCO,C C N ( C C O ) C C O,0
482,CC(C)(C)OCCO,C C ( C ) ( C ) O C C O,0
483,CC(C)C(O)C(C)(C)CO,C C ( C ) C ( O ) C ( C ) ( C ) C O,0
484,CC(=O)OOC(C)(C)C,C C ( = O ) O O C ( C ) ( C ) C,0
485,CCCCCCCCCCCC(=O)O[Sn](CCCC)(CCCC)CCCC,C C C C C C C C C C C C ( = O ) O [ S n ] ( C C C C ) ( C C C C ) C C C C,0
486,CO[Si](CCCN=C(N(C)C)N(C)C)(OC)OC,C O [ Si ] ( C C C N = C ( N ( C ) C ) N ( C ) C ) ( O C ) O C,0
487,CCC(C)(C)c1ccccc1,C C C ( C ) ( C ) c 1 c c c c c 1,0
488,OC(=O)c1ccccc1Cl,O C ( = O ) c 1 c c c c c 1 Cl,0
489,CCCCCCC(C)Nc1ccc(Nc2ccccc2)cc1,C C C C C C C ( C ) N c 1 c c c ( N c 2 c c c c c 2 ) c c 1,0
490,Cc1ccccc1N,C c 1 c c c c c 1 N,0
491,Cc1ccc(N)cc1,C c 1 c c c ( N ) c c 1,0
492,CC(=O)CC(=O)Nc1ccccc1C,C C ( = O ) C C ( = O ) N c 1 c c c c c 1 C,0
493,CCC(=O)Nc1ccc(Cl)c(Cl)c1,C C C ( = O ) N c 1 c c c ( Cl ) c ( Cl ) c 1,0
494,CC(=O)CC(=O)Nc1ccc(C)cc1C,C C ( = O ) C C ( = O ) N c 1 c c c ( C ) c c 1 C,0
495,NCCNCc1ccccc1,N C C N C c 1 c c c c c 1,0
496,Nc1ccc(cc1[N+]([O-])=O)[N+]([O-])=O,N c 1 c c c ( c c 1 [ N+ ] ( [ O- ] ) = O ) [ N+ ] ( [ O- ] ) = O,0
497,CCCN(CCC)c1c(cc(cc1[N+]([O-])=O)C(F)(F)F)[N+]([O-])=O,C C C N ( C C C ) c 1 c ( c c ( c c 1 [ N+ ] ( [ O- ] ) = O ) C ( F ) ( F ) F ) [ N+ ] ( [ O- ] ) = O,0
498,[O-][N+](=O)c1ccccc1,[ O- ] [ N+ ] ( = O ) c 1 c c c c c 1,0
499,[O-][N+](=O)c1cccc(Cl)c1Cl,[ O- ] [ N+ ] ( = O ) c 1 c c c c ( Cl ) c 1 Cl,0
500,[O-][N+](=O)c1cc(Cl)ccc1Cl,[ O- ] [ N+ ] ( = O ) c 1 c c ( Cl ) c c c 1 Cl,0
501,O(c1ccccc1)c2ccccc2,O ( c 1 c c c c c 1 ) c 2 c c c c c 2,0
502,Nc1ccc(O)cc1,N c 1 c c c ( O ) c c 1,0
503,CCOc1ccc(NC(C)=O)cc1,C C O c 1 c c c ( N C ( C ) = O ) c c 1,0
504,Oc1ccc(cc1)[N+]([O-])=O,O c 1 c c c ( c c 1 ) [ N+ ] ( [ O- ] ) = O,0
505,Oc1c(cc(cc1[N+]([O-])=O)[N+]([O-])=O)[N+]([O-])=O,O c 1 c ( c c ( c c 1 [ N+ ] ( [ O- ] ) = O ) [ N+ ] ( [ O- ] ) = O ) [ N+ ] ( [ O- ] ) = O,0
506,Oc1cc(Cl)ccc1Cl,O c 1 c c ( Cl ) c c c 1 Cl,0
507,COc1cc(NC(=O)CC(C)=O)c(OC)cc1Cl,C O c 1 c c ( N C ( = O ) C C ( C ) = O ) c ( O C ) c c 1 Cl,0
508,Oc1c(Cl)cc(Cl)c(Cl)c1Cl,O c 1 c ( Cl ) c c ( Cl ) c ( Cl ) c 1 Cl,0
509,CCCCCCCCCCCC(=O)Oc1c(Cl)c(Cl)c(Cl)c(Cl)c1Cl,C C C C C C C C C C C C ( = O ) O c 1 c ( Cl ) c ( Cl ) c ( Cl ) c ( Cl ) c 1 Cl,0
510,Clc1ccccc1C=O,Cl c 1 c c c c c 1 C = O,0
511,CC(=O)\C=C\c1ccccc1,C C ( = O ) \ C = C \ c 1 c c c c c 1,0
512,CCCCCCCCCCCCCOC(=O)c1ccccc1C(=O)OCCCCCCCCCCCCC,C C C C C C C C C C C C C O C ( = O ) c 1 c c c c c 1 C ( = O ) O C C C C C C C C C C C C C,0
513,CC(C)(C)c1ccc(cc1)C(O)=O,C C ( C ) ( C ) c 1 c c c ( c c 1 ) C ( O ) = O,0
514,CC(C)(C)OOC(=O)c1ccccc1,C C ( C ) ( C ) O O C ( = O ) c 1 c c c c c 1,0
515,OC(=O)c1cccc(c1)[N+]([O-])=O,O C ( = O ) c 1 c c c c ( c 1 ) [ N+ ] ( [ O- ] ) = O,0
516,CCCCCCCCCCCCCCCCCCOC(=O)CCc1cc(c(O)c(c1)C(C)(C)C)C(C)(C)C,C C C C C C C C C C C C C C C C C C O C ( = O ) C C c 1 c c ( c ( O ) c ( c 1 ) C ( C ) ( C ) C ) C ( C ) ( C ) C,0
517,N#Cc1ccccc1C#N,N # C c 1 c c c c c 1 C # N,0
518,OCCN(CCO)c1cccc(NC(=O)c2ccccc2)c1,O C C N ( C C O ) c 1 c c c c ( N C ( = O ) c 2 c c c c c 2 ) c 1,0
519,C1CCCCCCCCCCC1,C 1 C C C C C C C C C C C 1,0
520,ClP(Cl)c1ccccc1,Cl P ( Cl ) c 1 c c c c c 1,0
521,CCCCCCCCCCCCCOP(Oc1ccccc1)Oc2ccccc2,C C C C C C C C C C C C C O P ( O c 1 c c c c c 1 ) O c 2 c c c c c 2,0
522,CO[P](=S)(OC)Oc1ccc(cc1)C#N,C O [ P ] ( = S ) ( O C ) O c 1 c c c ( c c 1 ) C # N,0
523,COc1ccc(NC(C)=O)cc1N,C O c 1 c c c ( N C ( C ) = O ) c c 1 N,0
524,Brc1cc(Br)c(Br)c(Oc2ccc(Br)c(Br)c2Br)c1,Br c 1 c c ( Br ) c ( Br ) c ( O c 2 c c c ( Br ) c ( Br ) c 2 Br ) c 1,0
525,CNc1ccc(cc1)C(O)=O,C N c 1 c c c ( c c 1 ) C ( O ) = O,0
526,CNC(=O)Oc1ccccc1OC(C)C,C N C ( = O ) O c 1 c c c c c 1 O C ( C ) C,0
527,CCO[P](=S)(Oc1ccc(Cl)cc1Cl)c2ccccc2,C C O [ P ] ( = S ) ( O c 1 c c c ( Cl ) c c 1 Cl ) c 2 c c c c c 2,0
528,CCc1ccccc1c2ccccc2CC,C C c 1 c c c c c 1 c 2 c c c c c 2 C C,0
529,C1CC=CC(C1)c2ccc(cc2)C3CCC=CC3,C 1 C C = C C ( C 1 ) c 2 c c c ( c c 2 ) C 3 C C C = C C 3,0
530,COc1ccc(c(O)c1)C(=O)c2ccccc2,C O c 1 c c c ( c ( O ) c 1 ) C ( = O ) c 2 c c c c c 2,0
531,Nc1ccc2ccccc2c1[S](O)(=O)=O,N c 1 c c c 2 c c c c c 2 c 1 [ S ] ( O ) ( = O ) = O,0
532,Nc1ccc2c(O)cc(cc2c1)[S](O)(=O)=O,N c 1 c c c 2 c ( O ) c c ( c c 2 c 1 ) [ S ] ( O ) ( = O ) = O,0
533,Nc1ccc2cc(cc(O)c2c1)[S](O)(=O)=O,N c 1 c c c 2 c c ( c c ( O ) c 2 c 1 ) [ S ] ( O ) ( = O ) = O,0
534,Oc1ccc(cc1)C(=O)c2ccc(O)c(O)c2O,O c 1 c c c ( c c 1 ) C ( = O ) c 2 c c c ( O ) c ( O ) c 2 O,0
535,O=[S]1(=O)CCCC1,O = [ S ] 1 ( = O ) C C C C 1,0
536,C1CCC(CC1)NSc2sc3ccccc3n2,C 1 C C C ( C C 1 ) N S c 2 s c 3 c c c c c 3 n 2,0
537,O=C1NNC(=O)C=C1,O = C 1 N N C ( = O ) C = C 1,0
538,COCN(COC)c1nc(nc(n1)N(COC)COC)N(COC)COC,C O C N ( C O C ) c 1 n c ( n c ( n 1 ) N ( C O C ) C O C ) N ( C O C ) C O C,0
539,CN1CSC(=S)N(C)C1,C N 1 C S C ( = S ) N ( C ) C 1,0
540,Oc1cc2ccccc2cc1C(=O)Nc3ccccc3,O c 1 c c 2 c c c c c 2 c c 1 C ( = O ) N c 3 c c c c c 3,0
541,COc1cc(NC(=O)C(N=Nc2ccc(cc2Cl)c3ccc(N=NC(C(C)=O)C(=O)Nc4cc(OC)c(Cl)cc4OC)c(Cl)c3)C(C)=O)c(OC)cc1Cl,C O c 1 c c ( N C ( = O ) C ( N = N c 2 c c c ( c c 2 Cl ) c 3 c c c ( N = N C ( C ( C ) = O ) C ( = O ) N c 4 c c ( O C ) c ( Cl ) c c 4 O C ) c ( Cl ) c 3 ) C ( C ) = O ) c ( O C ) c c 1 Cl,0
542,o1cccc1,o 1 c c c c 1,0
543,C=CCOC1=N[S](=O)(=O)c2ccccc12,C = C C O C 1 = N [ S ] ( = O ) ( = O ) c 2 c c c c c 1 2,0
544,CO[P]1(=S)OCc2ccccc2O1,C O [ P ] 1 ( = S ) O C c 2 c c c c c 2 O 1,0
545,Cc1cc2N=C3C(=O)NC(=O)N=C3N(C[C@H](O)[C@H](O)[C@H](O)CO)c2cc1C,C c 1 c c 2 N = C 3 C ( = O ) N C ( = O ) N = C 3 N ( C [ C @ H ] ( O ) [ C @ H ] ( O ) [ C @ H ] ( O ) C O ) c 2 c c 1 C,0
546,COc1ccccc1OCC(O)COC(N)=O,C O c 1 c c c c c 1 O C C ( O ) C O C ( N ) = O,0
547,ClCCCBr,Cl C C C Br,0
548,CCBr,C C Br,0
549,CCCCCCCCCCCCCCCCCCNC(=O)[C@H](O)[C@@H](O)[C@H](O)[C@H](O)CO,C C C C C C C C C C C C C C C C C C N C ( = O ) [ C @ H ] ( O ) [ C @ @ H ] ( O ) [ C @ H ] ( O ) [ C @ H ] ( O ) C O,0
550,CC(C)C1NC(=O)NC1=O,C C ( C ) C 1 N C ( = O ) N C 1 = O,0
551,CCc1ccccc1[N+]([O-])=O,C C c 1 c c c c c 1 [ N+ ] ( [ O- ] ) = O,0
552,Clc1c(Cl)c(Cl)c(c(Cl)c1Cl)c2c(Cl)c(Cl)c(Cl)c(Cl)c2Cl,Cl c 1 c ( Cl ) c ( Cl ) c ( c ( Cl ) c 1 Cl ) c 2 c ( Cl ) c ( Cl ) c ( Cl ) c ( Cl ) c 2 Cl,0
553,COc1cc(N=Nc2c(Cl)cc(cc2N(=O)=O)N(=O)=O)c(cc1N(Cc1ccccc1)CCOC(=O)C)NC(=O)C,C O c 1 c c ( N = N c 2 c ( Cl ) c c ( c c 2 N ( = O ) = O ) N ( = O ) = O ) c ( c c 1 N ( C c 1 c c c c c 1 ) C C O C ( = O ) C ) N C ( = O ) C,0
554,COc1cc(/N=N/c2ccc(cc2[N+](=O)[O-])[N+](=O)[O-])c(cc1N(Cc1ccccc1)CCOC(=O)C)NC(=O)C,C O c 1 c c ( / N = N / c 2 c c c ( c c 2 [ N+ ] ( = O ) [ O- ] ) [ N+ ] ( = O ) [ O- ] ) c ( c c 1 N ( C c 1 c c c c c 1 ) C C O C ( = O ) C ) N C ( = O ) C,0
555,N#CCCN(c1ccc(c(c1)C)/N=N/c1nc2c(s1)cc(cc2)[N+](=O)[O-])CC,N # C C C N ( c 1 c c c ( c ( c 1 ) C ) / N = N / c 1 n c 2 c ( s 1 ) c c ( c c 2 ) [ N+ ] ( = O ) [ O- ] ) C C,0
556,N#CCCN(c1ccc(cc1)/N=N/c1nc2c(s1)c(Cl)cc(c2)Cl)CC,N # C C C N ( c 1 c c c ( c c 1 ) / N = N / c 1 n c 2 c ( s 1 ) c ( Cl ) c c ( c 2 ) Cl ) C C,0
557,N#CCCN(c1ccc(cc1)/N=N/c1sc2c(n1)cc(c(c2)Cl)Cl)CC,N # C C C N ( c 1 c c c ( c c 1 ) / N = N / c 1 s c 2 c ( n 1 ) c c ( c ( c 2 ) Cl ) Cl ) C C,0
558,Oc1ccc(cc1)N=Nc1ccc(cc1)N=Nc1ccc(cc1)O,O c 1 c c c ( c c 1 ) N = N c 1 c c c ( c c 1 ) N = N c 1 c c c ( c c 1 ) O,0
559,Clc1ccc(cc1)NC(=O)c1c(O)ccc2c1[nH]c1c2cccc1,Cl c 1 c c c ( c c 1 ) N C ( = O ) c 1 c ( O ) c c c 2 c 1 [ n H ] c 1 c 2 c c c c 1,0
560,OCCN(c1ccc(c(c1)Cl)/N=N/c1c(Cl)cc(cc1Cl)[N+](=O)[O-])CCO,O C C N ( c 1 c c c ( c ( c 1 ) Cl ) / N = N / c 1 c ( Cl ) c c ( c c 1 Cl ) [ N+ ] ( = O ) [ O- ] ) C C O,0
561,N#CCCN(c1ccc(cc1)N=Nc1ncc(s1)N(=O)=O)CCc1ccccc1,N # C C C N ( c 1 c c c ( c c 1 ) N = N c 1 n c c ( s 1 ) N ( = O ) = O ) C C c 1 c c c c c 1,0
562,COc1cc(ccc1/N=N/c1ccc(cc1)O)/N=N/c1ccc(cc1)[N+](=O)[O-],C O c 1 c c ( c c c 1 / N = N / c 1 c c c ( c c 1 ) O ) / N = N / c 1 c c c ( c c 1 ) [ N+ ] ( = O ) [ O- ],0
563,OCCN(S(=O)(=O)C(C(C(C(C(C(C(C(F)(F)F)(F)F)(F)F)(F)F)(F)F)(F)F)(F)F)(F)F)C,O C C N ( S ( = O ) ( = O ) C ( C ( C ( C ( C ( C ( C ( C ( F ) ( F ) F ) ( F ) F ) ( F ) F ) ( F ) F ) ( F ) F ) ( F ) F ) ( F ) F ) ( F ) F ) C,0
564,COc1cc(ccc1/N=N/C(C(=O)Nc1ccccc1C)C(=O)C)c1ccc(c(c1)OC)/N=N/C(C(=O)Nc1ccccc1C)C(=O)C,C O c 1 c c ( c c c 1 / N = N / C ( C ( = O ) N c 1 c c c c c 1 C ) C ( = O ) C ) c 1 c c c ( c ( c 1 ) O C ) / N = N / C ( C ( = O ) N c 1 c c c c c 1 C ) C ( = O ) C,0
565,C[Si]1(O[Si](C)(C)O[Si](O[Si](O1)(C)C)(C)C)c1ccccc1,C [ Si ] 1 ( O [ Si ] ( C ) ( C ) O [ Si ] ( O [ Si ] ( O 1 ) ( C ) C ) ( C ) C ) c 1 c c c c c 1,0
566,ClC1CC2C(C1Cl)C1(C(C2(Cl)C(=C1Cl)Cl)(Cl)Cl)Cl,Cl C 1 C C 2 C ( C 1 Cl ) C 1 ( C ( C 2 ( Cl ) C ( = C 1 Cl ) Cl ) ( Cl ) Cl ) Cl,0
567,CC(c1ccc(cc1)Oc1ccc(cc1)N)(c1ccc(cc1)Oc1ccc(cc1)N)C,C C ( c 1 c c c ( c c 1 ) O c 1 c c c ( c c 1 ) N ) ( c 1 c c c ( c c 1 ) O c 1 c c c ( c c 1 ) N ) C,0
568,OCCN(c1ccc(c(c1)Cl)/N=N/c1c(Cl)cc(cc1Br)[N+](=O)[O-])CCO,O C C N ( c 1 c c c ( c ( c 1 ) Cl ) / N = N / c 1 c ( Cl ) c c ( c c 1 Br ) [ N+ ] ( = O ) [ O- ] ) C C O,0
569,n1ccc(cc1)C1=C2C=CC(=N2)C(=C2C=CC(=N2)C(=C2N=C(C(=C3N=C1C=C3)c1ccncc1)C=C2)c1ccncc1)c1ccncc1,n 1 c c c ( c c 1 ) C 1 = C 2 C = C C ( = N 2 ) C ( = C 2 C = C C ( = N 2 ) C ( = C 2 N = C ( C ( = C 3 N = C 1 C = C 3 ) c 1 c c n c c 1 ) C = C 2 ) c 1 c c n c c 1 ) c 1 c c n c c 1,0
570,N#CCCN(c1ccc(cc1)/N=N/c1ccc(cc1C#N)[N+](=O)[O-])CCc1ccccc1,N # C C C N ( c 1 c c c ( c c 1 ) / N = N / c 1 c c c ( c c 1 C # N ) [ N+ ] ( = O ) [ O- ] ) C C c 1 c c c c c 1,0
571,Cc1ccccc1/N=N/c1c(O)ccc2c1cccc2,C c 1 c c c c c 1 / N = N / c 1 c ( O ) c c c 2 c 1 c c c c 2,0
572,Oc1ccc2c(c1N=Nc1cccc3c1cccc3)cccc2,O c 1 c c c 2 c ( c 1 N = N c 1 c c c c 3 c 1 c c c c 3 ) c c c c 2,0
573,CCCCCCC(=O)OCCN1CCN(CC1)CCCN1c2ccccc2Sc2c1cc(cc2)C(F)(F)F,C C C C C C C ( = O ) O C C N 1 C C N ( C C 1 ) C C C N 1 c 2 c c c c c 2 S c 2 c 1 c c ( c c 2 ) C ( F ) ( F ) F,0
574,COc1nc(OC)nc(n1)c1ccc2c3c1ccc1c3c(cc2)ccc1,C O c 1 n c ( O C ) n c ( n 1 ) c 1 c c c 2 c 3 c 1 c c c 1 c 3 c ( c c 2 ) c c c 1,0
575,CCNc1ccc2c(c1/N=N/c1ccc(cc1)/N=N/c1ccccc1)cccc2,C C N c 1 c c c 2 c ( c 1 / N = N / c 1 c c c ( c c 1 ) / N = N / c 1 c c c c c 1 ) c c c c 2,0
576,Clc1cc2S/C(=C/3\Sc4c(C3=O)c(C)c(cc4Cl)Cl)/C(=O)c2c(c1)C,Cl c 1 c c 2 S / C ( = C / 3 \ S c 4 c ( C 3 = O ) c ( C ) c ( c c 4 Cl ) Cl ) / C ( = O ) c 2 c ( c 1 ) C,0
577,Clc1cc(Cl)c2c(c1)c(=O)c1c([nH]2)c2C(=O)c3ccccc3C(=O)c2c(c1)Cl,Cl c 1 c c ( Cl ) c 2 c ( c 1 ) c ( = O ) c 1 c ( [ n H ] 2 ) c 2 C ( = O ) c 3 c c c c c 3 C ( = O ) c 2 c ( c 1 ) Cl,0
578,CC1=NN(C(=O)C1/N=N/c1ccccc1Cl)c1ccccc1,C C 1 = N N ( C ( = O ) C 1 / N = N / c 1 c c c c c 1 Cl ) c 1 c c c c c 1,0
579,CNc1ccc(c2c1C(=O)c1c(C2=O)cccc1)Nc1cccc(c1)C,C N c 1 c c c ( c 2 c 1 C ( = O ) c 1 c ( C 2 = O ) c c c c 1 ) N c 1 c c c c ( c 1 ) C,0
580,Nc1c(C=NN=Cc2ccc3c(c2N)C(=O)c2c(C3=O)cccc2)ccc2c1C(=O)c1ccccc1C2=O,N c 1 c ( C = N N = C c 2 c c c 3 c ( c 2 N ) C ( = O ) c 2 c ( C 3 = O ) c c c c 2 ) c c c 2 c 1 C ( = O ) c 1 c c c c c 1 C 2 = O,0
581,Oc1ccc2c(c1N=Nc1ccccc1[N+](=O)[O-])cccc2,O c 1 c c c 2 c ( c 1 N = N c 1 c c c c c 1 [ N+ ] ( = O ) [ O- ] ) c c c c 2,0
582,Clc1ccc(c(c1)[N+](=O)[O-])N=Nc1c(O)ccc2c1cccc2,Cl c 1 c c c ( c ( c 1 ) [ N+ ] ( = O ) [ O- ] ) N = N c 1 c ( O ) c c c 2 c 1 c c c c 2,0
583,COc1ccc(cc1N=Nc1c(O)c(cc2c1cccc2)C(=O)Nc1cc(Cl)c(cc1OC)OC)S(=O)(=O)N(CC)CC,C O c 1 c c c ( c c 1 N = N c 1 c ( O ) c ( c c 2 c 1 c c c c 2 ) C ( = O ) N c 1 c c ( Cl ) c ( c c 1 O C ) O C ) S ( = O ) ( = O ) N ( C C ) C C,0
584,O=C(c1ccc2c(c1)c(=O)c1c([nH]2)c2C(=O)c3ccccc3C(=O)c2cc1)Nc1cccc2c1C(=O)c1cccc(c1C2=O)NC(=O)c1ccccc1,O = C ( c 1 c c c 2 c ( c 1 ) c ( = O ) c 1 c ( [ n H ] 2 ) c 2 C ( = O ) c 3 c c c c c 3 C ( = O ) c 2 c c 1 ) N c 1 c c c c 2 c 1 C ( = O ) c 1 c c c c ( c 1 C 2 = O ) N C ( = O ) c 1 c c c c c 1,0
585,N#CCCN(c1ccc(cc1)/N=N/c1ccc(cc1)[N+](=O)[O-])CCOC(=O)Nc1ccccc1,N # C C C N ( c 1 c c c ( c c 1 ) / N = N / c 1 c c c ( c c 1 ) [ N+ ] ( = O ) [ O- ] ) C C O C ( = O ) N c 1 c c c c c 1,0
586,CCCCCCCCCCC,C C C C C C C C C C C,1
587,CCC1CO1,C C C 1 C O 1,1
588,CCOCCOCCOCCO,C C O C C O C C O C C O,1
589,OC=O,O C = O,1
590,CCCCOCCOCCOC(C)=O,C C C C O C C O C C O C ( C ) = O,1
591,CCOCCOCCOC(C)=O,C C O C C O C C O C ( C ) = O,1
592,C[S](O)(=O)=O,C [ S ] ( O ) ( = O ) = O,1
593,CCCCC(CC)COC(=O)CCC,C C C C C ( C C ) C O C ( = O ) C C C,1
594,Cc1cccc(C)c1,C c 1 c c c c ( C ) c 1,1
595,OC(=O)c1ccccc1[N+]([O-])=O,O C ( = O ) c 1 c c c c c 1 [ N+ ] ( [ O- ] ) = O,1
596,O=C1Oc2ccccc2C=C1,O = C 1 O c 2 c c c c c 2 C = C 1,1
597,CCCCC,C C C C C,1
598,CCCC(C)C,C C C C ( C ) C,1
599,CCCCCC,C C C C C C,1
600,CCCCCCCCC,C C C C C C C C C,1
601,CCCCCCCCCCCCCl,C C C C C C C C C C C C Cl,1
602,CCCCCCCCCCCCCCCCBr,C C C C C C C C C C C C C C C C Br,1
603,CCCCCN,C C C C C N,1
604,CN(C)C,C N ( C ) C,1
605,CO,C O,1
606,CCCCCO,C C C C C O,1
607,CC1CO1,C C 1 C O 1,1
608,OCCO,O C C O,1
609,CC(O)CO,C C ( O ) C O,1
610,CCC(O)CO,C C C ( O ) C O,1
611,OCC#C,O C C # C,1
612,COCC(C)O,C O C C ( C ) O,1
613,CCCCOCCO,C C C C O C C O,1
614,CCC=O,C C C = O,1
615,CC(C)=CCC\C(C)=C/C=O,C C ( C ) = C C C \ C ( C ) = C / C = O,1
616,CC(C)C(C)=O,C C ( C ) C ( C ) = O,1
617,CC(C)=O,C C ( C ) = O,1
618,CCC(CC)C(O)=O,C C C ( C C ) C ( O ) = O,1
619,OC(=O)CCCCCCCCCCCCCCCCCCCCC=C,O C ( = O ) C C C C C C C C C C C C C C C C C C C C C = C,1
620,COC(C)=O,C O C ( C ) = O,1
621,CCOC(C)=O,C C O C ( C ) = O,1
622,CC(=O)OC=C,C C ( = O ) O C = C,1
623,COCCOC(C)=O,C O C C O C ( C ) = O,1
624,CCC(=O)OC=C,C C C ( = O ) O C = C,1
625,CCCCCC(=O)OC=C,C C C C C C ( = O ) O C = C,1
626,CC(C)C(O)C(C)(C)COC(=O)C(C)C,C C ( C ) C ( O ) C ( C ) ( C ) C O C ( = O ) C ( C ) C,1
627,COC(=O)CCC(=O)OC,C O C ( = O ) C C C ( = O ) O C,1
628,CCCCOC(=O)CCCCC(=O)OCCCC,C C C C O C ( = O ) C C C C C ( = O ) O C C C C,1
629,CCCCC(CC)COC(=O)CCCCCCCC(=O)OCC(CC)CCCC,C C C C C ( C C ) C O C ( = O ) C C C C C C C C ( = O ) O C C ( C C ) C C C C,1
630,CCCCCCCC\C=C/CCCCCCCC(=O)OC,C C C C C C C C \ C = C / C C C C C C C C ( = O ) O C,1
631,CC(=C)C(O)=O,C C ( = C ) C ( O ) = O,1
632,COC(=O)C(C)=C,C O C ( = O ) C ( C ) = C,1
633,CC(=C)C(=O)OCC1CO1,C C ( = C ) C ( = O ) O C C 1 C O 1,1
634,CC(=C)C(=O)OCCO,C C ( = C ) C ( = O ) O C C O,1
635,CC(=C)C(=O)OCCOCCOC(=O)C(C)=C,C C ( = C ) C ( = O ) O C C O C C O C ( = O ) C ( C ) = C,1
636,CCOC(=O)\C=C\C(=O)OCC,C C O C ( = O ) \ C = C \ C ( = O ) O C C,1
637,OC(=O)C(Cl)Cl,O C ( = O ) C ( Cl ) Cl,1
638,CCCCCCCCCCCC[N+](C)(C)CC([O-])=O,C C C C C C C C C C C C [ N+ ] ( C ) ( C ) C C ( [ O- ] ) = O,1
639,NC(CC(O)=O)C(O)=O,N C ( C C ( O ) = O ) C ( O ) = O,1
640,OC(=O)C=O,O C ( = O ) C = O,1
641,OC(=O)CC#N,O C ( = O ) C C # N,1
642,CCCCCCCCCCCC(=O)NCCC[N+](C)(C)CC([O-])=O,C C C C C C C C C C C C ( = O ) N C C C [ N+ ] ( C ) ( C ) C C ( [ O- ] ) = O,1
643,CC(C)CO,C C ( C ) C O,1
644,COC(C)(C)CCOC(C)=O,C O C ( C ) ( C ) C C O C ( C ) = O,1
645,CCc1cccc(O)c1,C C c 1 c c c c ( O ) c 1,1
646,CCc1ccc(O)cc1,C C c 1 c c c ( O ) c c 1,1
647,Cc1ccc(O)c(C)c1,C c 1 c c c ( O ) c ( C ) c 1,1
648,COc1ccccc1OC,C O c 1 c c c c c 1 O C,1
649,CC(=O)OCc1ccccc1,C C ( = O ) O C c 1 c c c c c 1,1
650,OC/C=C/c1ccccc1,O C / C = C / c 1 c c c c c 1,1
651,Oc1ccc(C=O)cc1,O c 1 c c c ( C = O ) c c 1,1
652,COc1cc(C=O)ccc1O,C O c 1 c c ( C = O ) c c c 1 O,1
653,Cc1ccccc1C(O)=O,C c 1 c c c c c 1 C ( O ) = O,1
654,COC(=O)c1ccccc1C(=O)OC,C O C ( = O ) c 1 c c c c c 1 C ( = O ) O C,1
655,CC(C)COC(=O)c1ccccc1C(=O)OCC(C)C,C C ( C ) C O C ( = O ) c 1 c c c c c 1 C ( = O ) O C C ( C ) C,1
656,COC(=O)c1cccc(c1)C(=O)OC,C O C ( = O ) c 1 c c c c ( c 1 ) C ( = O ) O C,1
657,OC(=O)c1ccc2C(=O)OC(=O)c2c1,O C ( = O ) c 1 c c c 2 C ( = O ) O C ( = O ) c 2 c 1,1
658,O=C(OCc1ccccc1)c2ccccc2,O = C ( O C c 1 c c c c c 1 ) c 2 c c c c c 2,1
659,OC(=O)c1ccc(O)cc1,O C ( = O ) c 1 c c c ( O ) c c 1,1
660,Oc1ccc(cc1)[S](O)(=O)=O,O c 1 c c c ( c c 1 ) [ S ] ( O ) ( = O ) = O,1
661,CC(C)C1=CCC(=CC1)C,C C ( C ) C 1 = C C C ( = C C 1 ) C,1
662,OC1CCCCC1,O C 1 C C C C C 1,1
663,CC1CCCCC1OC(C)=O,C C 1 C C C C C 1 O C ( C ) = O,1
664,O=[P](Oc1ccccc1)(Oc2ccccc2)Oc3ccccc3,O = [ P ] ( O c 1 c c c c c 1 ) ( O c 2 c c c c c 2 ) O c 3 c c c c c 3,1
665,Cc1ccc(C=O)cc1,C c 1 c c c ( C = O ) c c 1,1
666,CC1(C)C2CCC1(C)C(=O)C2,C C 1 ( C ) C 2 C C C 1 ( C ) C ( = O ) C 2,1
667,CC1=CCC2CC1C2(C)C,C C 1 = C C C 2 C C 1 C 2 ( C ) C,1
668,CC1(C)[C@@H]2CC[C@@]1(C)[C@@H](O)C2,C C 1 ( C ) [ C @ @ H ] 2 C C [ C @ @ ] 1 ( C ) [ C @ @ H ] ( O ) C 2,1
669,C=C1CC(=O)O1,C = C 1 C C ( = O ) O 1,1
670,O=C1OCc2ccccc12,O = C 1 O C c 2 c c c c c 1 2,1
671,O=Cc1occc1,O = C c 1 o c c c 1,1
672,OCC1CCCO1,O C C 1 C C C O 1,1
673,O=C1NC(=O)c2ccccc12,O = C 1 N C ( = O ) c 2 c c c c c 1 2,1
674,CN1CCCC1=O,C N 1 C C C C 1 = O,1
675,[nH]1ccc2ccccc12,[ n H ] 1 c c c 2 c c c c c 1 2,1
676,O=[S]1(=O)CCCO1,O = [ S ] 1 ( = O ) C C C O 1,1
677,OCCN1CN(CCO)CN(CCO)C1,O C C N 1 C N ( C C O ) C N ( C C O ) C 1,1
678,CCOC(=O)c1ccc(NC(=O)CCl)cc1,C C O C ( = O ) c 1 c c c ( N C ( = O ) C Cl ) c c 1,1
679,C[N+](C)(C)O[P]([O-])(=O)O[P](O)(=O)OC[C@H]1O[C@H]([C@H](O)[C@@H]1O)N2C=CC(=NC2=O)N,C [ N+ ] ( C ) ( C ) O [ P ] ( [ O- ] ) ( = O ) O [ P ] ( O ) ( = O ) O C [ C @ H ] 1 O [ C @ H ] ( [ C @ H ] ( O ) [ C @ @ H ] 1 O ) N 2 C = C C ( = N C 2 = O ) N,1
680,NC(Cc1ccccc1)C(O)=O,N C ( C c 1 c c c c c 1 ) C ( O ) = O,1
681,N[C@@H](CSSC[C@H](N)C(O)=O)C(O)=O,N [ C @ @ H ] ( C S S C [ C @ H ] ( N ) C ( O ) = O ) C ( O ) = O,1
682,CCCCCCCCCCCCCCCCCCCC,C C C C C C C C C C C C C C C C C C C C,1
683,CC(C)CN,C C ( C ) C N,1
684,CNC,C N C,1
685,CCNCC,C C N C C,1
686,CCO,C C O,1
687,CC(C)O,C C ( C ) O,1
688,CCCCC(CC)CO,C C C C C ( C C ) C O,1
689,CCCCCCCCO,C C C C C C C C O,1
690,CCCCCCCCCCCCCO,C C C C C C C C C C C C C O,1
691,CC(C)O[Ti](OC(C)C)(OC(C)C)OC(C)C,C C ( C ) O [ T i ] ( O C ( C ) C ) ( O C ( C ) C ) O C ( C ) C,1
692,OCCCCO,O C C C C O,1
693,CCCCCCCCC=CCCCCCCCCO,C C C C C C C C C = C C C C C C C C C O,1
694,OCC=C,O C C = C,1
695,NCCO,N C C O,1
696,COC(C)CCO,C O C ( C ) C C O,1
697,CC=O,C C = O,1
698,CC(C)C=O,C C ( C ) C = O,1
699,CC(C)CC(C)=O,C C ( C ) C C ( C ) = O,1
700,CC(=O)CC(C)=O,C C ( = O ) C C ( C ) = O,1
701,CCCCC\C=C/C/C=C\CCCCCCCC(O)=O,C C C C C \ C = C / C / C = C \ C C C C C C C C ( O ) = O,1
702,CCC(=O)OC(=O)CC,C C C ( = O ) O C ( = O ) C C,1
703,CCCCCCCCCCCC(=O)OOC(=O)CCCCCCCCCCC,C C C C C C C C C C C C ( = O ) O O C ( = O ) C C C C C C C C C C C,1
704,CCCCC(CC)C(=O)OCC(COC(=O)C(CC)CCCC)OC(=O)C(CC)CCCC,C C C C C ( C C ) C ( = O ) O C C ( C O C ( = O ) C ( C C ) C C C C ) O C ( = O ) C ( C C ) C C C C,1
705,CCC(C)OC(C)=O,C C C ( C ) O C ( C ) = O,1
706,CCOCCOC(C)=O,C C O C C O C ( C ) = O,1
707,CCOC(=O)CCCCC(O)=O,C C O C ( = O ) C C C C C ( O ) = O,1
708,CCCCCCCC\C=C/CCCCCCCCOC(=O)CCCCC(=O)OCCCCCCCC\C=C/CCCCCCCC,C C C C C C C C \ C = C / C C C C C C C C O C ( = O ) C C C C C ( = O ) O C C C C C C C C \ C = C / C C C C C C C C,1
709,OC(=O)CCCCCCCCC(O)=O,O C ( = O ) C C C C C C C C C ( O ) = O,1
710,OC(=O)CCCCCCCCCCCCC(O)=O,O C ( = O ) C C C C C C C C C C C C C ( O ) = O,1
711,CCCCOCCOCCOC(=O)CCCCC(=O)OCCOCCOCCCC,C C C C O C C O C C O C ( = O ) C C C C C ( = O ) O C C O C C O C C C C,1
712,CCOC(=O)CC(=O)OCC,C C O C ( = O ) C C ( = O ) O C C,1
713,CCCCCCCCCCCCOC(=O)CCSCCC(=O)OCCCCCCCCCCCC,C C C C C C C C C C C C O C ( = O ) C C S C C C ( = O ) O C C C C C C C C C C C C,1
714,CCOC(=O)C(=O)OCC,C C O C ( = O ) C ( = O ) O C C,1
715,CCCCC(CC)COC(=O)C(C)=C,C C C C C ( C C ) C O C ( = O ) C ( C ) = C,1
716,CCCCOC(=O)C(C)=C,C C C C O C ( = O ) C ( C ) = C,1
717,CCCCCCCCCCCCCCCCCCOC(=O)C(C)=C,C C C C C C C C C C C C C C C C C C O C ( = O ) C ( C ) = C,1
718,OC(=O)\C=C/C(O)=O,O C ( = O ) \ C = C / C ( O ) = O,1
719,OCC(O)=O,O C C ( O ) = O,1
720,CCC(C)OC(=O)CC(C)=O,C C C ( C ) O C ( = O ) C C ( C ) = O,1
721,CC(=C)C#N,C C ( = C ) C # N,1
722,CNCC[S](O)(=O)=O,C N C C [ S ] ( O ) ( = O ) = O,1
723,CCOC(Cl)=O,C C O C ( Cl ) = O,1
724,CCCCCCCCCCCCO[P](O)(O)=O,C C C C C C C C C C C C O [ P ] ( O ) ( O ) = O,1
725,CC(C)=CCCC(=C)C=C,C C ( C ) = C C C C ( = C ) C = C,1
726,OCC1CO1,O C C 1 C O 1,1
727,CC\C=C/CCO,C C \ C = C / C C O,1
728,CCCCOCC(C)O,C C C C O C C ( C ) O,1
729,CCC(CC)C(=O)OCCOCCOCCOC(=O)C(CC)CC,C C C ( C C ) C ( = O ) O C C O C C O C C O C ( = O ) C ( C C ) C C,1
730,CC(=O)OC(OC(C)=O)C=C,C C ( = O ) O C ( O C ( C ) = O ) C = C,1
731,NC(=N)[S](O)=O,N C ( = N ) [ S ] ( O ) = O,1
732,CC(C)c1ccc(C)cc1,C C ( C ) c 1 c c c ( C ) c c 1,1
733,NCCc1ccccc1,N C C c 1 c c c c c 1,1
734,Oc1ccccc1,O c 1 c c c c c 1,1
735,Oc1ccccc1O,O c 1 c c c c c 1 O,1
736,COc1ccc(O)cc1,C O c 1 c c c ( O ) c c 1,1
737,COc1ccc(CC=C)cc1OC,C O c 1 c c c ( C C = C ) c c 1 O C,1
738,Oc1c(Cl)cc(Cl)cc1Cl,O c 1 c ( Cl ) c c ( Cl ) c c 1 Cl,1
739,CC(C)c1ccc(C=O)cc1,C C ( C ) c 1 c c c ( C = O ) c c 1,1
740,CCOc1cc(C=O)ccc1O,C C O c 1 c c ( C = O ) c c c 1 O,1
741,O=C1OC(=O)c2cc3C(=O)OC(=O)c3cc12,O = C 1 O C ( = O ) c 2 c c 3 C ( = O ) O C ( = O ) c 3 c c 1 2,1
742,CCOC(=O)c1ccccc1C(=O)OCC,C C O C ( = O ) c 1 c c c c c 1 C ( = O ) O C C,1
743,CCCCOC(=O)c1ccccc1C(=O)OCc2ccccc2,C C C C O C ( = O ) c 1 c c c c c 1 C ( = O ) O C c 2 c c c c c 2,1
744,C=CCOC(=O)c1ccccc1C(=O)OCC=C,C = C C O C ( = O ) c 1 c c c c c 1 C ( = O ) O C C = C,1
745,COC(=O)c1ccc(cc1)C(=O)OC,C O C ( = O ) c 1 c c c ( c c 1 ) C ( = O ) O C,1
746,CC(C)c1ccc(cc1)C(O)=O,C C ( C ) c 1 c c c ( c c 1 ) C ( O ) = O,1
747,O=C1OC(=O)c2ccccc12,O = C 1 O C ( = O ) c 2 c c c c c 1 2,1
748,O=C(OOC(=O)c1ccccc1)c2ccccc2,O = C ( O O C ( = O ) c 1 c c c c c 1 ) c 2 c c c c c 2,1
749,CCCCOC(=O)c1ccc(C(=O)OCCCC)c(c1)C(=O)OCCCC,C C C C O C ( = O ) c 1 c c c ( C ( = O ) O C C C C ) c ( c 1 ) C ( = O ) O C C C C,1
750,OC(=O)c1ccccc1,O C ( = O ) c 1 c c c c c 1,1
751,Nc1ccc(cc1)C(O)=O,N c 1 c c c ( c c 1 ) C ( O ) = O,1
752,CC(C)CCOC(=O)c1ccccc1O,C C ( C ) C C O C ( = O ) c 1 c c c c c 1 O,1
753,OC(=O)c1ccccc1O,O C ( = O ) c 1 c c c c c 1 O,1
754,CC(=O)Oc1ccccc1C(O)=O,C C ( = O ) O c 1 c c c c c 1 C ( O ) = O,1
755,CCOC(=O)CC(=O)c1ccc(OC)cc1,C C O C ( = O ) C C ( = O ) c 1 c c c ( O C ) c c 1,1
756,O[S](=O)(=O)c1ccccc1,O [ S ] ( = O ) ( = O ) c 1 c c c c c 1,1
757,O=C1CCCCC1,O = C 1 C C C C C 1,1
758,OC(=O)c1ccc2ccccc2c1,O C ( = O ) c 1 c c c 2 c c c c c 2 c 1,1
759,O=Cc1ccc2OCOc2c1,O = C c 1 c c c 2 O C O c 2 c 1,1
760,O=C1C=CNC=C1,O = C 1 C = C N C = C 1,1
761,OC(=O)c1ccc2ccccc2n1,O C ( = O ) c 1 c c c 2 c c c c c 2 n 1,1
762,CC1CC(OC(C)O1)OC(C)=O,C C 1 C C ( O C ( C ) O 1 ) O C ( C ) = O,1
763,O=C1CCCCCN1,O = C 1 C C C C C N 1,1
764,OC[C@H](O)[C@@H](O)[C@H](O)[C@H](O)CO,O C [ C @ H ] ( O ) [ C @ @ H ] ( O ) [ C @ H ] ( O ) [ C @ H ] ( O ) C O,1
765,CCCCCCCCCCCCCCCCCC(=O)OCC(O)[C@H]1OC[C@@H](O)[C@@H]1O,C C C C C C C C C C C C C C C C C C ( = O ) O C C ( O ) [ C @ H ] 1 O C [ C @ @ H ] ( O ) [ C @ @ H ] 1 O,1
766,CC(=O)NC1C(O)OC(CO)C(O)C1O,C C ( = O ) N C 1 C ( O ) O C ( C O ) C ( O ) C 1 O,1
767,CNCCCN,C N C C C N,1
768,CCCCCCCCNCCCCCCCC,C C C C C C C C N C C C C C C C C,1
769,CCCCCCCCCCCCCCCCCCCCCCCCCCO,C C C C C C C C C C C C C C C C C C C C C C C C C C O,1
770,CCCCCCC(C)O,C C C C C C C ( C ) O,1
771,CCCCCCCCCCCCCCCCCCC1CO1,C C C C C C C C C C C C C C C C C C C 1 C O 1,1
772,CC(CCO)CCO,C C ( C C O ) C C O,1
773,CC(C)=CC(C)=O,C C ( C ) = C C ( C ) = O,1
774,CC(O)=O,C C ( O ) = O,1
775,CCCCCCCCCCCCCCCCCC(=O)OCCOC(=O)CCCCCCCCCCCCCCCCC,C C C C C C C C C C C C C C C C C C ( = O ) O C C O C ( = O ) C C C C C C C C C C C C C C C C C,1
776,CCCCC(CC)COC(=O)CCCCC(=O)OCC(CC)CCCC,C C C C C ( C C ) C O C ( = O ) C C C C C ( = O ) O C C ( C C ) C C C C,1
777,CCCCCCCCOC(=O)CCCCCCCCC(=O)OCCCCCCCC,C C C C C C C C O C ( = O ) C C C C C C C C C ( = O ) O C C C C C C C C,1
778,OC(=O)CCSCCC(O)=O,O C ( = O ) C C S C C C ( O ) = O,1
779,NC(=O)C=C,N C ( = O ) C = C,1
780,CCN(CC)CCOC(=O)C(C)=C,C C N ( C C ) C C O C ( = O ) C ( C ) = C,1
781,CCCCOCNC(=O)C=C,C C C C O C N C ( = O ) C = C,1
782,OC(=O)/C=C/C(O)=O,O C ( = O ) / C = C / C ( O ) = O,1
783,CC(O)C(O)=O,C C ( O ) C ( O ) = O,1
784,OC(CC(O)=O)C(O)=O,O C ( C C ( O ) = O ) C ( O ) = O,1
785,COC(=O)CC(C)=O,C O C ( = O ) C C ( C ) = O,1
786,C=CCOC(=O)OCCOCCOC(=O)OCC=C,C = C C O C ( = O ) O C C O C C O C ( = O ) O C C = C,1
787,CC(C)C(NC(N)=O)NC(N)=O,C C ( C ) C ( N C ( N ) = O ) N C ( N ) = O,1
788,CC(C)=CCCC(C)=O,C C ( C ) = C C C C ( C ) = O,1
789,ClCc1ccccc1,Cl C c 1 c c c c c 1,1
790,CC(=O)CC(=O)Nc1ccccc1,C C ( = O ) C C ( = O ) N c 1 c c c c c 1,1
791,CC(=O)CC(=O)Nc1ccc(C)cc1,C C ( = O ) C C ( = O ) N c 1 c c c ( C ) c c 1,1
792,CC(=O)NCc1ccccc1,C C ( = O ) N C c 1 c c c c c 1,1
793,CCCCCCCCCCCCCCCc1cccc(O)c1,C C C C C C C C C C C C C C C c 1 c c c c ( O ) c 1,1
794,Oc1ccc(O)cc1,O c 1 c c c ( O ) c c 1,1
795,CC(=O)c1ccc(C)cc1,C C ( = O ) c 1 c c c ( C ) c c 1,1
796,CC(C)CCCCCCOC(=O)c1ccccc1C(=O)OCCCCCCC(C)C,C C ( C ) C C C C C C O C ( = O ) c 1 c c c c c 1 C ( = O ) O C C C C C C C ( C ) C,1
797,OC(=O)c1cccc(c1)C(O)=O,O C ( = O ) c 1 c c c c ( c 1 ) C ( O ) = O,1
798,Oc1cccc(OC(=O)c2ccccc2)c1,O c 1 c c c c ( O C ( = O ) c 2 c c c c c 2 ) c 1,1
799,CC(C)=C1CCC(=CC1)C,C C ( C ) = C 1 C C C ( = C C 1 ) C,1
800,C1CCC(CC1)NC2CCCCC2,C 1 C C C ( C C 1 ) N C 2 C C C C C 2,1
801,C(OP(OCc1ccccc1)OCc2ccccc2)c3ccccc3,C ( O P ( O C c 1 c c c c c 1 ) O C c 2 c c c c c 2 ) c 3 c c c c c 3,1
802,COc1cccc(C=O)c1,C O c 1 c c c c ( C = O ) c 1,1
803,Brc1ccc(cc1)c2ccccc2,Br c 1 c c c ( c c 1 ) c 2 c c c c c 2,1
804,O=C1CCO1,O = C 1 C C O 1,1
805,OCc1occc1,O C c 1 o c c c 1,1
806,O=C1CCCO1,O = C 1 C C C O 1,1
807,CC(=O)C1CCOC1=O,C C ( = O ) C 1 C C O C 1 = O,1
808,CC1COC(=O)O1,C C 1 C O C ( = O ) O 1,1
809,OC(=O)c1cccc(n1)C(O)=O,O C ( = O ) c 1 c c c c ( n 1 ) C ( O ) = O,1
810,NCC(O)=O,N C C ( O ) = O,1
811,O=C1CNC(=O)N1,O = C 1 C N C ( = O ) N 1,1
812,Cc1ncc(CO)c(C=O)c1O,C c 1 n c c ( C O ) c ( C = O ) c 1 O,1
813,N[C@@H](CCC(N)=O)C(O)=O,N [ C @ @ H ] ( C C C ( N ) = O ) C ( O ) = O,1
814,ClCC=C,Cl C C = C,1
815,OCC(O)CO,O C C ( O ) C O,1
816,OCC(O)CCl,O C C ( O ) C Cl,1
817,CN(C)CCO,C N ( C ) C C O,1
818,OCCNCO,O C C N C O,1
819,O=CC=O,O = C C = O,1
820,CC(C)CCCCCCCCCCCCCCC(O)=O,C C ( C ) C C C C C C C C C C C C C C C ( O ) = O,1
821,CCCCCCCC\C=C/CCCCCCCC(=O)OCC(O)CO,C C C C C C C C \ C = C / C C C C C C C C ( = O ) O C C ( O ) C O,1
822,CC(N)=O,C C ( N ) = O,1
823,COC(C)CCOC(C)=O,C O C ( C ) C C O C ( C ) = O,1
824,CCCCCCCC/C=C/CCCCCCCC(=O)OCCCC,C C C C C C C C / C = C / C C C C C C C C ( = O ) O C C C C,1
825,OC(=O)C=C,O C ( = O ) C = C,1
826,CCCCOC(=O)C=C,C C C C O C ( = O ) C = C,1
827,CC(=C)C(=O)OCC=C,C C ( = C ) C ( = O ) O C C = C,1
828,N[C@@H](CCCN=C(N)N)C(O)=O,N [ C @ @ H ] ( C C C N = C ( N ) N ) C ( O ) = O,1
829,CCCCCC1OC1CC2OC2CCCCCCCC(=O)OCC(COC(=O)CCCCCCCC3OC3CC4OC4CCCCC)OC(=O)CCCCCCCC5OC5CC6OC6CCCCC,C C C C C C 1 O C 1 C C 2 O C 2 C C C C C C C C ( = O ) O C C ( C O C ( = O ) C C C C C C C C 3 O C 3 C C 4 O C 4 C C C C C ) O C ( = O ) C C C C C C C C 5 O C 5 C C 6 O C 6 C C C C C,1
830,CCCCCCCCC#N,C C C C C C C C C # N,1
831,CC#N,C C # N,1
832,CCOC(=O)CC#N,C C O C ( = O ) C C # N,1
833,CCCCCCCCCCCCCCCCCCOP(OCCCCCCCCCCCCCCCCCC)OCCCCCCCCCCCCCCCCCC,C C C C C C C C C C C C C C C C C C O P ( O C C C C C C C C C C C C C C C C C C ) O C C C C C C C C C C C C C C C C C C,1
834,CC(=O)Nc1ccccc1,C C ( = O ) N c 1 c c c c c 1,1
835,NCc1ccccc1,N C c 1 c c c c c 1,1
836,Oc1cccc(O)c1,O c 1 c c c c ( O ) c 1,1
837,CCOc1ccccc1,C C O c 1 c c c c c 1,1
838,COc1ccc(N)cc1,C O c 1 c c c ( N ) c c 1,1
839,O=Cc1ccccc1,O = C c 1 c c c c c 1,1
840,CC(=O)c1ccccc1,C C ( = O ) c 1 c c c c c 1,1
841,CCCCOC(=O)c1ccccc1C(=O)OCCCC,C C C C O C ( = O ) c 1 c c c c c 1 C ( = O ) O C C C C,1
842,CCCCC(CC)COC(=O)c1ccccc1C(=O)OCC(CC)CCCC,C C C C C ( C C ) C O C ( = O ) c 1 c c c c c 1 C ( = O ) O C C ( C C ) C C C C,1
843,OC(=O)c1ccc(cc1)[N+]([O-])=O,O C ( = O ) c 1 c c c ( c c 1 ) [ N+ ] ( [ O- ] ) = O,1
844,OC(=O)c1cc(O)c(O)c(O)c1,O C ( = O ) c 1 c c ( O ) c ( O ) c ( O ) c 1,1
845,N#Cc1ccccc1,N # C c 1 c c c c c 1,1
846,NC1CCCCC1,N C 1 C C C C C 1,1
847,CC(C)(O)CCCC1=CCC(CC1)C=O,C C ( C ) ( O ) C C C C 1 = C C C ( C C 1 ) C = O,1
848,Oc1ccccc1CC=C,O c 1 c c c c c 1 C C = C,1
849,c1ccc(cc1)c2ccccc2,c 1 c c c ( c c 1 ) c 2 c c c c c 2,1
850,O=C1OCCO1,O = C 1 O C C O 1,1
851,O=C1NC=CC=C1,O = C 1 N C = C C = C 1,1
852,C1CCNCC1,C 1 C C N C C 1,1
853,O=NN1CN2CN(C1)CN(C2)N=O,O = N N 1 C N 2 C N ( C 1 ) C N ( C 2 ) N = O,1
854,OC[C@@H](O)[C@@H](O)[C@H](O)[C@H](O)CO,O C [ C @ @ H ] ( O ) [ C @ @ H ] ( O ) [ C @ H ] ( O ) [ C @ H ] ( O ) C O,1
855,CCCCCCCCCCCCCCOC(=O)CCCCCCCCCCCCC,C C C C C C C C C C C C C C O C ( = O ) C C C C C C C C C C C C C,1
856,CCCCCCCCCCCCCCC,C C C C C C C C C C C C C C C,1
857,NCCCCCCN,N C C C C C C N,1
858,OCCNCCO,O C C N C C O,1
859,CCCCCCCCCCCCCCCCCCOC(=O)CCSCCC(=O)OCCCCCCCCCCCCCCCCCC,C C C C C C C C C C C C C C C C C C O C ( = O ) C C S C C C ( = O ) O C C C C C C C C C C C C C C C C C C,1
860,CCOC(=O)C=C,C C O C ( = O ) C = C,1
861,CCCCCCCCOC(=O)C=C,C C C C C C C C O C ( = O ) C = C,1
862,O=C1OC(=O)C=C1,O = C 1 O C ( = O ) C = C 1,1
863,CC(C)C#N,C C ( C ) C # N,1
864,c1ccccc1,c 1 c c c c c 1,1
865,COc1ccccc1,C O c 1 c c c c c 1,1
866,COc1ccccc1N,C O c 1 c c c c c 1 N,1
867,O=C1c2ccccc2C(=O)c3ccccc13,O = C 1 c 2 c c c c c 2 C ( = O ) c 3 c c c c c 1 3,1
868,CCCCCCCC/C=C/CCCCCCCC(=O)OCC(O)C1OCC(O)C1O,C C C C C C C C / C = C / C C C C C C C C ( = O ) O C C ( O ) C 1 O C C ( O ) C 1 O,1
869,CCCCCCCCCCCCCCCC(=O)OC[C@@H](O)[C@H]1OC[C@H](O)[C@H]1O,C C C C C C C C C C C C C C C C ( = O ) O C [ C @ @ H ] ( O ) [ C @ H ] 1 O C [ C @ H ] ( O ) [ C @ H ] 1 O,1
870,CCCCCCCCCCCCCCCCCCCCCCCCCCCCCCCCCC,C C C C C C C C C C C C C C C C C C C C C C C C C C C C C C C C C C,1
871,CCCCCCCCCCCCCCCCCCCCCCC,C C C C C C C C C C C C C C C C C C C C C C C,1
872,CCCCCCCCCCCCCCCCCCCCC,C C C C C C C C C C C C C C C C C C C C C,1
873,CCCCCCCCCCCCCCCCCCCCCC,C C C C C C C C C C C C C C C C C C C C C C,1
874,CCCCCCCCCCCCCCCCCCCCCCCCCCCCCCCCCCCCCCCC,C C C C C C C C C C C C C C C C C C C C C C C C C C C C C C C C C C C C C C C C,1
875,CCCCCCCCCCCCCCCCCC,C C C C C C C C C C C C C C C C C C,1
876,CCCCCCCCCCCCCCCCCCCCCCCCCC,C C C C C C C C C C C C C C C C C C C C C C C C C C,1
877,CCCCCCCCCCCCCCCCCCC,C C C C C C C C C C C C C C C C C C C,1
878,CCCCCCCCCCCCCCCCCCCCCCCCCCCCCCCCCCCCCC,C C C C C C C C C C C C C C C C C C C C C C C C C C C C C C C C C C C C C C,1
879,CCCCCCCCCCCCCCCCCCCCCCCCCCCCCCCCCCCCC,C C C C C C C C C C C C C C C C C C C C C C C C C C C C C C C C C C C C C,1
880,CCCCCCCCCCCCC,C C C C C C C C C C C C C,1
881,CCCCCCCCCCCCCCCCC,C C C C C C C C C C C C C C C C C,1
882,CCCCCCCCCCCCCCCCCCCCCCCCCCCCCCCCCCC,C C C C C C C C C C C C C C C C C C C C C C C C C C C C C C C C C C C,1
883,CCCCCCCCCCCCCCCCCCCCCCCCCCCCCCCCCCCC,C C C C C C C C C C C C C C C C C C C C C C C C C C C C C C C C C C C C,1
884,CCCCCCCCCCCCCC,C C C C C C C C C C C C C C,1
885,CCCCCCCCCCCCCCCCCCCCCCCCC,C C C C C C C C C C C C C C C C C C C C C C C C C,1
886,CCCCCCCCCCCCCCCCCCCCCCCCCCCC,C C C C C C C C C C C C C C C C C C C C C C C C C C C C,1
887,CCCCCCCCCCCCCCCCCCCCCCCCCCCCCC,C C C C C C C C C C C C C C C C C C C C C C C C C C C C C C,1
888,CCCCCCCCCCCCCCCCCCCCCCCC,C C C C C C C C C C C C C C C C C C C C C C C C,1
889,CCCCCCCC,C C C C C C C C,1
890,CCCCCCCCCCCCCCCCCCCCCCCCCCCCCCCCCCCCCCCCCCCC,C C C C C C C C C C C C C C C C C C C C C C C C C C C C C C C C C C C C C C C C C C C C,1
891,CCCCCCCCCCCCCCCCCCCCCCCCCCCCCCCC,C C C C C C C C C C C C C C C C C C C C C C C C C C C C C C C C,1
892,CCCCCCCCCC,C C C C C C C C C C,1
893,CCCCCCCCCCCC,C C C C C C C C C C C C,1
894,CCCCCCCCCCCCCl,C C C C C C C C C C C C Cl,1
895,CCCCCCCCOCCCCCCCC,C C C C C C C C O C C C C C C C C,1
896,CCCCCCCCCCCCOCCCCCCCCCCCC,C C C C C C C C C C C C O C C C C C C C C C C C C,1
897,CCCCCCCCCCOCCCCCCCCCC,C C C C C C C C C C O C C C C C C C C C C,1
898,CCC\C=C(/CC)\C=O,C C C \ C = C ( / C C ) \ C = O,1
899,CCCCCCCO,C C C C C C C O,1
900,CCCC,C C C C,1
901,CCCCCCCCCCCCCO,C C C C C C C C C C C C C O,1
902,CCCCCCCCCCCCCCCCCO,C C C C C C C C C C C C C C C C C O,1
903,CCCCCCCCCCCCCCO,C C C C C C C C C C C C C C O,1
904,CCCCCCCCCCCCCCCO,C C C C C C C C C C C C C C C O,1
905,CCCCCCCCCCCO,C C C C C C C C C C C O,1
906,CCCCCCCCCCCCCCCCCCO,C C C C C C C C C C C C C C C C C C O,1
907,CCCCCCCCCCCCO,C C C C C C C C C C C C O,1
908,CCCCCCCCCCO,C C C C C C C C C C O,1
909,CCCCCCCCCO,C C C C C C C C C O,1
910,c1ccc2c(c1)ccc3ccccc23,c 1 c c c 2 c ( c 1 ) c c c 3 c c c c c 2 3,1
911,ClC(Cl)(Cl)c1ccccc1,Cl C ( Cl ) ( Cl ) c 1 c c c c c 1,1
912,CN(C)C(=O)C,C N ( C ) C ( = O ) C,1
913,C=CC#N,C = C C # N,1
914,OS(=O)(=O)c1ccc(Cl)cc1,O S ( = O ) ( = O ) c 1 c c c ( Cl ) c c 1,1
915,Cc1ccc(cc1)S(=O)(=O)Cl,C c 1 c c c ( c c 1 ) S ( = O ) ( = O ) Cl,1
916,ClS(=O)(=O)Cc1ccccc1,Cl S ( = O ) ( = O ) C c 1 c c c c c 1,1
917,CC(O)C=C,C C ( O ) C = C,1
918,C1CCOC1,C 1 C C O C 1,1
919,Oc1cccc(c1)[N+](=O)[O-],O c 1 c c c c ( c 1 ) [ N+ ] ( = O ) [ O- ],1
920,C1CC=CC1,C 1 C C = C C 1,1
921,COc1ccc(OC)cc1,C O c 1 c c c ( O C ) c c 1,1
922,COc1cccc(O)c1,C O c 1 c c c c ( O ) c 1,1
923,COC(=O)Nc1cccc(C)c1,C O C ( = O ) N c 1 c c c c ( C ) c 1,1
924,CNC(=O)Oc1cccc2ccccc12,C N C ( = O ) O c 1 c c c c 2 c c c c c 1 2,1
925,CC(=O)Nc1ccccc1O,C C ( = O ) N c 1 c c c c c 1 O,1
926,COc1cccc(OC)c1,C O c 1 c c c c ( O C ) c 1,1
927,COc1cccc(c1)C(=O)O,C O c 1 c c c c ( c 1 ) C ( = O ) O,1
928,COc1ccc(cc1)C(=O)O,C O c 1 c c c ( c c 1 ) C ( = O ) O,1
929,CCC(=O)O,C C C ( = O ) O,1
930,OC(=O)CS,O C ( = O ) C S,1
931,OC(CCl)CCl,O C ( C Cl ) C Cl,1
932,Cc1ccccc1C,C c 1 c c c c c 1 C,1
933,CCCCOC(=O)CC(CC(=O)OCCCC)(OC(=O)C)C(=O)OCCCC,C C C C O C ( = O ) C C ( C C ( = O ) O C C C C ) ( O C ( = O ) C ) C ( = O ) O C C C C,1
934,CCCCCCOC(=O)C=C,C C C C C C O C ( = O ) C = C,1
935,CCCCCCCCCCCCCCCCCC(=O)OCC1OCC(O)C(O)C1O,C C C C C C C C C C C C C C C C C C ( = O ) O C C 1 O C C ( O ) C ( O ) C 1 O,1
936,OC(=O)c1ccccc1C(=O)O,O C ( = O ) c 1 c c c c c 1 C ( = O ) O,1
